slang,formal
zonk,bodoh
zama,zaman
za,saja
z,saja
yyaaa,ya
yya,ya
ywdh,ya sudah
yuwkkk,yuk
yuuuukkk,yuk
yuuuuk,yuk
yuuuk,yuk
yuuu,yuk
yuuks,yuk
yuukk,yuk
yuuk,yuk
yuu,yuk
yupz,ya
yups,ya
yuppss,ya
yup,ya 
yukss,yuk
yuks,yuk
yukkkk,yuk
yukkk,yuk
yukk,yuk
yuh,tuh
yu,yuk
ysh,ya
yq,yang
yowes,ya sudah
yooow,ya
yooookkk,yuk
yoookkkk,yuk
yoooiii,yoi
yook,yuk
yoo,ayo
yokkk,yuk
yokk,yuk
yok,yuk
yoiiu,yoi
yoiii,yoi
yoi,iya
yodah,ya sudah
yo,ya
ynk,sayang
yng,yang 
yl,yang lain
yhaaa,ya
yha,ya
yh,ya
ygs,sayang
yg,yang 
yeuh,ya
yesss,yes
yep,ya
yelah,yailah 
yela,yailah 
yeeee,ya
yeee,ya
yee,ya
yayang,sayang
yawloh,ya allah
yawlah,ya allah
yawdah,ya sudah
yawda,ya sudah
yaw,ya
yaudh,ya sudah
yaudah,ya sudah
yappp,ya
yapp,ya
yap,ya
yaolohh,ya allah
yaoloh,yaallah
yankkk,sayang
yank,sayang 
yanckh,yang
yam,ya
yakk,ya
yakinn,yakin
yakaliiiii,yakali
yak,ya
yaini,ya ini
yahhhh,ya
yahhh,ya
yahh,ya
yahbh,ya
yah,ya
yaelahhh,alah
yachhh,ya
yach,ya
yaang,yang
yaampuuuunnnn,ya ampun
yaakkk,ya
yaakk,ya
yaak,ya
yaahhh,ya
yaahh,ya
yaah,ya
yaaang,yang
yaaampunnn,ya ampun
yaaah,ya
yaaaaaa,ya
yaaaaa,ya
yaaaa,ya
yaaa ,ya
yaaa,ya
yaa,ya
ya,iya
y,ya
xlian,kalian
xixixi,tertawa
x,kali
wwnang,wewenang
wuiiihh,wih
wuastagah,astaga
wtf,what the fuck
wrn,warna
woyyy,woy
wowwwww,wow
wowwww,wow
wowww,wow
woww,wow
wowoooww,wow
wouww,wow
wota2,wota-wota
wooy,woy
woowwww,wow
woow,wow
woooyy,woy
wooowww,wow
wooow,wow
woooiiiiiiii,woy
woooiiiii,woy
wong2,orang-orang
wong,orang
woles,selow
woey,woy
wlwpun,walaupun
wlo,walau
wlawpun,walaupun
wlaupun,walaupun
wlau,walau
wkwkkw,tertawa
wktunya,waktunya
wktu,waktu 
wkt,waktu 
wk,waktu
wjh,wajah
wik,wig
wiiiihhhhhhhhh,wih
wiiiihhhh,wih
wiih,wih
wihhhhhh,wih
wihhh,wih
wihh,wih
widihh,waduh
wht,apa 
wewww,wow
wenakk,enak
wenak,enak
week,wig
weeeh,wih
wdooohhh,waduh
wawwwww,wow
waww,wow
waw,wow
watuk,batuk
wat,buat
waspadalah,waspada
warteg,warung tegal
warnany,warnanya
warnaaa,warna
warkop,warung kopi
warbiyasah,luar biasa
waoohhh,wah
wanjir,anjir 
wanjiir,anjir
wanjerrr,anjir
wanitah,wanita
wamil,wajib militer
walik,balik
waktunyaaa,waktunya
wajiiib,wajib
wajarrr,wajar
wahhhhhh,wah
wahhh,wah
wahh,wah
waduuuuh,waduh
waduhhh,waduh
waduhh,waduh
waduh,aduh 
wado,waduh
wadir,wakil direktur
wadaaw,waduh
wad,buat
waah,wah
waaawwww,wow
waaaww,wow
waaahhh,wah
waaaaw,wow
waaa,wah
wa,saya
w/,dengan
w,saya
von,telepon
uztad,ustad
uwee,gue
uwakk,uwak
uwahhhhh,wah
uuuuuaaaaaaaaaappppppppppiiiiiiiiiiiiiiiiiikkkkkkkkkkkkkkkk,apik
uuhhh,uh
uuhh,uh
uuh,uh
utkmu,untukmu
utk,untuk 
ustzah,ustadzah
ust,ustadz
urusn,urusan
urusin,mengurusi
urusanny,urusannya
ursan,urusan
urat2nya,urat-uratnya
urang,saya
uplot,unggah
unyuuk,imut
unyuu,imut
unyu2,imut
unyu,imut
untk,untuk
univ,universitas
ungkit2,ungkit-ungkit
ungkapin,ungkapkan
undangan2,undangan-undangan
ultha,ultah
ultahe,ultahnya
ulan,ulang
ujunggg,ujung
ujung2,ujung-ujung
ujg,ujung
ujan2an,hujan-hujanan 
uitnya,duitnya
uih,uh
uhhh,uh
uhh,uh
ughaa,juga
ugha,juga
ugaaa,juga
uga,juga
udh,sudah 
udehh,sudah
udeh,sudah 
udd,sudah
udahlah,sudahlah
udahh,sudah
udah2,sudah-sudah
udah,sudah 
uda,sudah 
ud,sudah 
ucullllll,lucu
ucull,lucu
ucul,lucu
ucapin,mengucapkan
ubur2,ubur-ubur
ubat,obat 
uasai,kuasa
uaaasssiiiik,asik
u,untuk
tx,tak
tw,tau
tuwek,tua
tuwanya,tuanya
tuuuuh,tuh
tuuu,itu
tuuh,tuh
tuu,tuh
tutupin,menutupi
tutorialx,tutorialnya
tunjukin,tunjukkan
tunjukan,tunjukkan
tunggu2,tunggu-tunggu
tumpe2,tumpah-tumpah
tumben,tidak biasa
tullus,tulus
tukeran,tukar 
tukan,tukang
tuk,untuk
tuir,tua
tuhhh,tuh
tuhh,tuh
tuhanny,tuhannya
tuch,tuh
tuany,tuanya
tua2,tua-tua
tu,itu 
ttp,tetap 
ttinggi,tinggi
tth,teteh
ttg,tentang
ttep,tetap 
tteh,teteh
ttap,tetap
tsbt,tersebut 
tsb,tersebut
tsangka,tersangka
tsadeest,sadis
ts,penulis
trutama,terutama
trussss,terus
trusss,terus
trusan.a,terusannya
trus,terus 
trun,turun
trsrh,terserah
trserh,terserah
trserah,terserah
trsa,terasa
trs,terus
trrharu,terharu
trpsah,terpisah
troma,trauma
trnyt,ternyata 
trnyata,ternyata
trnsfr,transfer 
trmsuk,termasuk
trmsk,termasuk 
trmksh,terima kasih
trmkash,terima kasih
trmasuk,termasuk
trmanis,termanis
trm,terima
trll,terlalu
trlihat,terlihat
trlalu,terlalu
trkrim,terkirim
trknal,terkenal
trkhr,terakhir 
trkena,terkenal
trkdng,terkadang 
trkait,terkait
trjd,terjadi
trjadi,terjadi
trimz,terima kasih
trims,terima kasih
trima,terima
trhtung,terhitung
trgntng,tergantung 
trgntg,tergantung
trganggu,terganggu
trf,transfer
trending,trend
tren,trend
trdpt,terdapat 
trdhulu,terdahulu
trbukti,terbukti
trbaikk,terbaik
trbaik,terbaik
trasa,terasa
tq,terima kasih
tpy,tapi
tpii,tapi
tpi,tapi 
tp,tapi
toserba,toko serba ada
tongolin,menongol
toloollll,tolol
tolernsi,toleransi
toketnya,teteknya
tokayyy,tahi
tokai,tai
tohh,toh
togel,toto gelap
to,tapi
tnyta,ternyata
tnyt,ternyata 
tnya,tanya 
tny,ternyata 
tntram,tentram
tntg,tentang
tnpa,tanpa 
tnp,tanpa
tnh,tanah
tngu,tunggu
tngh,tengah
tnggu,tunggu
tnggl,tanggal
tnda,tanda
tnang,tenang
tmsk,termasuk 
tmpt,tempat
tmph,tumpah
tmpat,tempat 
tmpah,tumpah
tmn2nya,teman-temannya
tmn2,teman-teman
tmn,teman 
tmen2,teman-teman
tmen,teman 
tmbm,tembam
tmbh,tambah 
tmbah,tambah 
tman,teman
tlvn,telepon
tlsn,tulisan
tls,tulis
tlpn,telepon 
tlp,telepon
tlog,tolong
tlng,tolong 
tll,terlalu
tlh,telah 
tlg,tolong
tkut,takut
tks,terima kasih
tkg,tukang
tk,tak
tium,cium
tirani,tiran
tipu2nya,tipu-tipunya
tips2,tips-tips
tipiwan,TvOne
tipi,tv 
tipe2,tipe-tipe
tioghoa,tionghoa
tinggl,tinggal
tinggall,tinggal
tinggalkn,tinggalkan
tinggalin,tinggalkan
tingal,tinggal
tilep,tilap
tilang,bukti pelanggaran
tikung2,tikung-tikung
tiga2nya,tiga-tiganya
tidakkkk,tidak
tida,tidak 
tiba2,tiba-tiba
thx,terima kasih
thun,tahun
thu,tuh
thnx,terima kasih
thnan,tahunan
thn,tahun
thks,terima kasih
therchakitty,tersakiti
thdp,terhadap
thd,terhadap 
thankz,terima kasih
thanks,terima kasih
than,tahan
th2,tahun-tahun
th,tahun
tgu,tunggu
tgs,tugas 
tgn,tangan 
tgl,tanggal
tgk,tengok
tgh,tengah 
tggu,tunggu 
tgannya,tangannya 
tf,transfer
teyuss,terus
tetp,tetap
tetep,tetap 
tetehh,teteh
tetapppp,tetap
tetaplaah,tetaplah
testinya,testimoninya
testi,testimoni
teruzzz,terus
teruz,terus
teruuss,terus
terusss,terus
teruss,terus
terus2an,terus-terusan
"terus""an",terus-terusan
teru,terus
terrrrbaik,terbaik
terossss,terus
teros,terus 
terong2an,terong-terongan
ternyataa,ternyata
ternodain,ternodai
termurahhhh,termurah
termurahhh,termurah
termuraaahhhh,termurah
termiribkan,termiripkan
terkenall,terkenal
terjrumus,terjerumus
teringt,teringat
terimaksih,terima kasih
teriakk,teriak 
terharuuuu,terharu
terharuuu,terharu
terhaaru,terharu
tercyduk,terciduk
terburu2,terburu-buru
terbitin,terbitkan
terbaikkk,terbaik
terbaiiikkkkk,terbaik
terbaeq,terbaik
terbaeeeek,terbaik
terangkhn,terangkan
tepar,terkapar
tentanh,tentang
tenny,tenang
tengok,menjenguk
tengil,menyebalkan
tenggah,tengah
tengaj,tengah
tengah2,tengah-tengah
tempt,tempat
tempat2,tempat-tempat
temen-temen,teman-teman
temennya,temannya
temenn,teman
temenkuuh,temanku
temenin,temani 
temenan,berteman
temen2,teman-teman
"temen""",teman-teman
temen,teman 
tembokk,tembok
tembemmm,tembem
teman2,teman-teman
"teman""ny",teman-temannya
telpon,telepon 
telp,telepon
telor,telur 
telmi,telat berpikir
telkom,telekomunikasi
telimakacih,terima kasih
telefisi,televisi
telat,terlambat
telaatt,telat
tekor,rugi
tehhhh,teh
tehhh,teh
tehh,teh
teh,kakak perempuan
teguran2,teguran-teguran
tegaar,tegar
"tebir""",ribet-ribet
tebir,ribet
tebel,tebal
te2p,tetap
tdur,tidur 
tdung,tudung
tdr,tidur 
tdnya,tadinya
tdny,tadinya 
tdk,tidak 
tdi,tadi
tdak,tidak
td,tadu 
tbuh,tubuh
taz,atas
tayik,tahi
tay,tahi
tawh,tahu
taw,tau
taux,taunya
tauuuuu,tau
tauuuu,tau
tauuu,tau
tauu,tau
taunya,tahunya 
taun,tahun
tauk,tahu
tau2,tau-tau
tau,tahu 
tar,entar
tappi,tapi
tapo,tapi
tapii,tapi
tap8,tapi
taon,tahun
tanyang,tayang
tanyain,tanyakan
tanya2,tanya-tanya
tanteny,tantenya
tantee,tante
tante2,tante-tante
"tante""",tante-tante
tangkep,tangkap
tanggung2,tanggung-tanggung
tanda2nya,tanda-tandanya
tamvann,tampan
tamvan,tampan
tampialannya,tampilannya
tambh,tambah
tambahin,tambahkan
tambahim,tambahkan
tambahh,tambah
takuuuuut,takut
takuttt,takut
tak,tidak
tajir,kaya
taik,tahi
taiiii,tahi
tai,tahi
tahunx,tahunnya
tahun2,tahun-tahun
"tahun""",tahun-tahun
tahi,kotoran
tahannn,tahan
tah,teh
taekk,tahi
taek,tahi
tabanas,tabungan pembangunan nasional
t4,tempat
syukaaakkk,suka
syratnya,syaratnya
sypa,siapa
syp,siapa
synk,sayang
syngnya,sayangnya
syng,sayang 
"syirik""",syirik-syirik
syipp,sip
sygny,sayangnya 
sygkuu,sayangku
sygku,sayangku 
syg,sayang 
syekaliii,sekali
syediiihhh,sedih
syediih,sedih
syantik,cantik
syantiiiiikkkkkkkkkkkk,cantik
syantiek,cantik
syang,sayang
sya,saya 
sy,saya 
swmntara,sementara
sweger,segar
suru,suruh
surgaa,surga
supeer,super
sungguh2,sungguh-sungguh
sunggu,sungguh
sunah2,sunah-sunah
sumvahh,sumpah
sumpek,sempit
sumpeh,sumpah
sumpahh,sumpah
sumbangin,sumbangkan
sumai,suami
sukur2,sukur-sukur
suksess,sukses
suksea,sukses
sukse,sukses
suko,suka
sukkaa,suka
sukam,suka
sukakkk,suka
sukak,suka
sukaaak,suka
sukaaaaaa,suka
sukaaaa,suka
sukaaa,suka
sukaa,suka
suka2,suka-suka
suka.a,sukanya
suk,suka
suipit,sipit
suer,sumpah
sudh,sudah 
sudab,sudah
suda,sudah
sud,sudah
sucses,sukses
suces,sukses
subuh2,subuh-subuh
subhnallah,subhanallah
subhannallah,subhanallah
subhanalloh,subhanallah
subhanallahhh,subhanallah
subhanaallahh,subhanallah
subbag,subbagian
subahanallah,subhanallah
suarranya,suaranya
suaraynyaa,suaranya
suaranyaaaaaa,suaranya
suaranyaa,suaranya
suami'y,suaminya
suaminy,suaminya
suaminga,suaminya
suamiiiii,suami
suamiii,suami
stuju,setuju
stu,satu
sttus,status
stress,stres
stp,setiap
stngh,setengah 
stlh,setelah 
stju,setuju
stimpal,setimpal
still,masih
stidaknya,setidaknya
stiap,setiap
stgh,setengah 
stelah,setelah 
steess,stres
statusx,statusnya
stagahhhh,astaga
staf2nya,staf-stafnya
sstu,sesuatu
ssorg,seseorang
sseorg,seseorang 
srtfkt,sertifikat
srta,serta
srruu,seru
srpti,seperti
srng,sering
srg,sering 
spy,supaya
sptny,sepertinya 
spti,seperti
spt,seperti 
sprtny,sepertinya 
sprti,seperti
sprt,seperti 
sppa,siapa
spnjng,sepanjang 
spertinya,sepertinya
sperti,seperti 
spd,sepeda
spa,siapa
sp,siapa
sowry,maaf
sotoy,sok tau
sospol,sosial-politik
sosek,sosial-ekonomi
sosbud,sosial-budaya
sory,maaf 
sorry,maaf
sorang,seorang 
sopo,siapa 
songong,sombong
somse,sombong sekali
solve,solusi
soljum,sholat jumat
sokk,sok
sok2an,sok-sokan
sok2,sok-sok
sohib,teman
soga,semoga
sodara,saudara 
soal'y,soalnya
soalx,soalnya
soale,soalnya 
so,sok
snyum,senyum 
sni,sini 
sngt,sangat 
sngaja,sengaja
sneng,senang
sndri,sendiri 
sndr,sendiri
sndiri,sendiri 
sna,sana
smw,semua
smvk,sempak
smulla,semula
smuanya,semuanya 
smuaaa,semua
smua,semua
smster,semester
smrg,semarang
smpt,sempat
smpe,sampai 
smpai,sampai 
smp,sampai
smogaaa,semoga
smoga,semoga 
smog,semoga
smntr,sementara 
smnjak,semenjak
smngt,semangat 
smngat,semangat
smnagatin,menyemangati
smlmn,semalaman 
smlm,semalam 
smkin,semakin
smgt,semangat 
smgaa,semoga
smga,semoga 
smg,semoga 
smentara,sementara
smcm,semacam 
smbuh,sembuh 
smbrg,sembarang 
smbng,sambung 
smbl,sambil 
smbil,sambil
smbhyg,sembahyang 
smbh,sembuh 
smbg,sambung 
smangat,semangat
smakin,semakin
sma2,sama-sama
sma,sama
sm2,sama-sama
sm,sama 
slw,selow
slsai,selesai
sls,selesai 
slmttt,selamat
slmt,selamat 
slmnya,salamnya
slmat,selamat
slma,selama
slm,salam
sllu,selalu 
sll,selalu
sling,saling
slhkn,salahkan 
slhkan,salahkan
slh,salah 
slg,saling 
slesai,selesai 
slamt,selamat
slamet,selamat
slamat,selamat
slama,selama
slam,salam
slaluuuuu,selalu
s'lalu,selalu
slalu,selalu 
slahkan,salahkan
slah,salah
sktlrang,sekarang
sktika,seketika
skt,sakit 
skrnh,sekarang
skrngnya,sekarangnya
skrng,sekarang 
skrg,sekarang 
skrang,sekarang 
skr,sekarang
skolah,sekolah 
skola,sekolah 
skluarga,sekeluarga
sklinyaa,sekalinya
skli,sekali
sklh,sekolah 
skitar,sekitar
skit,sakit
skg,sekarang
skedar,sekadar
skarang,sekarang
skalii,sekali
skaligus,sekaligus
skalian,sekalian 
skali2,sekali-kali
skali,sekali
ska,suka
sk,suka
sjk,sejak
sja,saja 
sj,saja
sitayngin,ditayangkan
sisain,menyisakan
sirikk,sirik
siriik,sirik
siramin,siramkan
sipp,sip
sipiit,sipit
sintron,sinetron
sinetron,sinema elektronik
sinet,sinetron
simpen,simpan
simiskin,miskin
silsturahmi,silaturahmi
silauuu,silau
silahkn,silakan
silahkan,silakan
sikon,situasi dan kondisi
"sikap""",sikap-sikap
siippp,sip
siipp,sip
siip,sip
siiiiiiippppppppp,sip
siiihhh,sih
siiihh,sih
siiih,sih
siihhh,sih
siihh,sih
siih,sih
sii,sih
sihhhh,sih
sihhh,sih
sihh,sih
sihat,sehat
siech,sih
sie,sih
sichhhhhhhhhh,sih
sichh,sih
sich,sih
sibukx,sibuknya
siappa,siapa
siapayahh,siapa ya
siapaa,siapa
siapa2,siapa-siapa
sialannn,sialan
siaaap,siap
sia2kan,sia-siakan
sholihah,salihah
shit,tahi 
shiet,tahi 
shg,sehingga
shbt,sahabat
shbat,sahabat
shayyy,say
shayy,say
shay,say
shat,sehat
sharusnya,seharusnya
shaps,siap
shap,siap
shabat,sahabat
shaay,say
shaaaay,say
sgtu'y,sebegitunya
sgtu,sebegitu
sgt,sangat 
sgla,segala
sgitu,segitu 
sgini,segini 
sgampang,segampang
sgala,segala 
sey,sih
sexxi,seksi
sexi2,seksi-seksi
sexi,seksi
sewain,menyewa
setujuuuu,setuju
setujuuu,setuju
setting,atur
setju,setuju
seting,akting
seterong,setrong
seterah,terserah 
setelur2nya,setelur-telurnya
setabil,stabil
sesekk,sesak
sesek,sesak
sesatt,sesat
seruuu,seru
seruu,seru
seru2an,seru-seruan
seru2,seru-seru
sering2,sering-sering
serem2,seram-seram
"serem""",seram-seram
serem,seram
serasiii,serasi
sept,september
seorg,seorang
senyumna,senyumnya
senyumin,senyumi
senengin,senangi
senenggg,senang
senengg,senang
seneng,senang
senen,senin 
seneeeeeng,senang
sendri,sendiri
sendratari,seni drama tari
sendirir,sendiri
sendirinyya,sendirinya
sendirinnya,sendirinya
sendirii,sendiri
sendeng,senang
senangat,semangat
senang2,senang-senang
semuanyaaaa,semuanya
semuanyaa,semuanya
semuannyaaa,semuanya
semuaaa,semua
sempurnaaaaa,sempurna
sempurnaa,sempurna
sempet,sempat
semogaa,semoga
semngat,semangat
"sembunyi""""",sembunyi-sembunyi
sembuhin,sembuhkan 
sembako,sembilan bahan pokok
semangattt,semangat
semangatt,semangat
semangaatttt,semangat
semangaatt,semangat
semalem,semalam 
seluru,seluruh
selow,sebentar 
selmt,selamat
selmnya,selamanya
selmat,selamat
sellow,selow
selaw,santai
selaluu,selalu
selaloe,selalu
seksii,seksi
sekrng,sekarang
sekrang,sekarang
sekolahin,sekolahkan
sekola,sekolah 
seklian,sekalian
sekarng,sekarang
sekangen2,sekangen-kangen
sekaliiiii,sekali
sekaliiii,sekali
sekalii,sekali
sekali2,sekali-kali
sekaeang,sekarang
seindonesiyah,seindonesia
sehh,sih
sehat2,sehat-sehat
seharusny,seharusnya
seh,sih
segtu,sebegitu
segitunya,sebegitunya
segerrrr,segar
segerr,segar
seger,segar
segala2nya,segala-galanya
"segala""ny",segala-galanya
seehh,sih
seeh,sih
seeeemua,semua
see,sih
sedikitlaahh,sedikitlah
sedihhh,sedih
sedihh,sedih
sedangkn,sedangkan
seburuk2,seburuk-buruk
"seburuk""",seburuk-buruk
sebnyak,sebanyak
sebenernya,sebenarnya 
sebelumbya,sebelumnya
sebelum2nya,sebelum-sebelumnya
sebelas dua belas,mirip
sebel,kesal 
"sebaik""",sebaik-baik
seandainy,seandainya
se7,setuju
sdri,sendiri
sdngkn,sedangkan 
sdng,sedang 
sdkt,sedikit
sdkit2,sedikit-sedikit
sdkit,sedikit
sdh,sudah 
sdgkn,sedangkan
sdg,sedang
sdah,sudah 
scra,secara
scr,secara
scpatny,secepatnya
sby,surabaya
sbuah,sebuah
sbtr,sebentar 
sbr,sabar
sbnyak,sebanyak
sbntr,sebentar 
sbnt,sebentar 
sbnrnya,sebenarnya 
sbnrny,sebenarnya 
sbnr,sebenarnya 
sbnarnya,sebenarnya
sblum,sebelum
sblmnya,sebelumnya
sblmny,sebelumnya
sblm,sebelum
sblhny,sebelahnya 
sblh,sebelah
sblah,sebelah
sbl,sebelah 
sbhabat,sahabat
sbh,sebuah
sbgi,sebagai
sbgai,sebagai
sbg,sebagai
sbenernya,sebenarnya
sbelum,sebelum
sbelah,sebelah
sbbyak,sebanyak
sbbrnya,sebenarnya
sbb,sebab
sbaiknya,sebaiknya
sbagai,sebagai
sbab,sebab
sayyy,say
sayy,sayang
sayangx,sayangnya
sayangkuuuuu,sayangku
sayangkuh,sayangku
sayangggq,sayangku
sayanggg,sayang
sayangg'',sayang-sayang
sayaang,sayang
sayaa,saya
saya2,saya-saya
say,sayang
saudra,saudara
satuuuuu,satu
satuu,satu
satupunn,satupun
satpam,satuan pengamanan
sateny,satenya 
sasama,sesama
saranin,menyarankan
sapose,siapa
sape,siapa 
sapa2,sapa-sapa
santab,santap
sans,santai 
sangt,sangat
sanggat,sangat
sangattt,sangat
sangat2,sangat-sangat
sangaaattt,sangat
samsek,sama sekali
sampw,sampai
sampis,sampah habis
sampek,sampai
sampein,sampaikan
sampe,sampai
sampai2,sampai-sampai
samoga,semoga
samo,sama 
sambel,sambal 
samara,sakinah mawadah rahman
samaaaa,sama
samaa,sama
sama2,sama-sama
"sama""",sama-sama
sam,sama
saltummmm,salah kostum
saltum,salah kostum
salting,salah tingkah
salluutt,salut
salfok,salah fokus
salehah,salihah
salammmm,salam
salahin,salahkan
salaam,salam
saje,saja 
saia,saya
sahabatt,sahabat
sadis2,sadis-sadis
sadaar,sadar
sabi,bisa
sabeb,bebas
sabarrrrr,sabar
sabarrr,sabar
sabaro,sabar
sabal,sabar
sabaarrr,sabar
saayyyyy,say
saat2,saat-saat
s3ndiri,sendiri
s*inetr*n,sinetron
s,si
ruz,terus
rusunawa,rumah susun sewa
rusakkk,rusak
rupa2nya,rupa-rupanya
rumpiin,rumpi
rumh,rumah
ruko,rumah toko
rubahnn,rubah
ru,baru
rsk,rusak 
rpt2,repot-repot
romntis,romantis
romantiz,romantis
romantiss,romantis
romantisny,romatisnya
rmhq,rumahku 
rmh,rumah
rmbuut,rambut
rmbutnya,rambutnya
rmbut,rambut
rmbt,rambut
rinduuuuuuuuuu,rindu
rinduuuuuuuuu,rindu
rinduuuuuuu,rindu
rights,benar
ributin,meributkan
rhs,rahasia
rezki,rezeki
rezeqinya,rezekinya
restik,reserse narkotika
reskrim,reserse kriminal
rese,resek
repp,balas
repot2,repot-repot
repong,repot
renstra,rencana strategis
rempong,repot
remang2,remang-remang
relaaaa,rela
rekomndd,rekomendasi
rekomendasiin,merekomendasikan
rekomendasiiin,merekomendasikan
rekomendain,rekomendasikan
reklamuk,reklamasi
rejeki,rezeki
rehab,rehabilitasi
reg,register
ref,referensi
redho,ridho
red,redaksi
recommendasi,rekomendasi
recomendasinya,rekomendasinya
re,reply
rb,ribu
rata2,rata-rata
raskin,rakyat miskin
rasane,rasanya 
rasakn,rasakan
rasain,rasai
rasaiin,rasai
rapih,rapi
ranmor,kendaraan bermotor
rana,ranah
rame2,rame-rame
rame,ramai 
rakor,rapat koordinasi
rajin2,rajin-rajin
rada,agak 
qu,ku
qta,kita 
qt,kita 
qq,kakak
qo,kok
qmu,kamu
qmo,kamu
qm,kamu
qaqaaaa,kakak
qaqa,kakak
q,saya
pzt,pasti
pyudara,payudara
py,punya
px,punya
pw,posisi nyaman
putihnyaa,putihnya
putihh,putih
puterin,putar 
puter,putar 
pusingggg,pusing
pura2,pura-pura
punye,punya 
punyaaa,punya
punn,pun
pulak,pula
pulaa,pula
pukulin,pukuli
pucing,pusing
puanas,panas
pu,punya
ptg,penting 
pswt,pesawat
psti,pasti
pst,pasti
psr,pasar 
psng,pasang 
psn,pesan
psgn,pasangan
psg,pasang 
psen,pesan
psangan,pasangan
ps,pas
prwtn,perawatan
prwatn,perawatan
prthnkn,pertahankan 
prtamax,pertamanya
prsatukn,persatukan
protestin,protestan
promoo,promo
promil,program hamil
prodaknya,produknya
prodak,produk
prodac,produk
problem,masalah
pro,profesional
prnh,pernah 
prnah,pernah 
prmpuan,perempuan
prmptn,perempatan 
prmhn,perumahan 
prlu,perlu
prjuangan,perjuangan
prinadi,pribadi
priksa,periksa
prhatian,perhatian
prh,parah
prgi,pergi 
prg,pergi
prempuan,perempuan
prcya,percaya
prcy,percaya
prcuma,percuma
prawatan,perawatan
prasaan,perasaan
praktekin,mempraktikkan
praktek,praktik 
ppa,papa
pp,pulang pergi
positippp,positif
poooolllll,pol
poool,pol
poollll,pol
ponpes,pondok pesantren
ponakn,ponakan
pollll,pol
polll,pol
polantas,polisi lalu lintas
pokonya,pokoknya
pokok'a,pokoknya
poko,pokok
pnyaa,punya
pnya,punya 
pny,punya 
pnuh,penuh
pntng,penting 
pnting,penting
pnjual,penjual
pnjng,panjang
pnjerumus,penjerumus
pnjang,panjang
pngn,pegen
pngenn,ingin
pngen,ingin 
pndukung,pendukung
pndh,pindah 
pndapat,pendapat
pndang,pandang
pndah,pindah
pmrnth,pemerintah
pmpuan,perempuan 
pmbyran,pembayaran
pmbhasan,pembahasan
pmbelajaran,pembelajaran
pmbantu,pembantu
pluk,peluk
plsa,pulsa
plng,pulang 
pljrn,pelajaran
pljaran,pelajaran
plis,tolong 
pling,paling
plg,pulang
pleh,oleh
plampiasannn,pelampiasan
pla,pula
pkrin,pikirkan
pkoknyaa,pokoknya
pkoknya,pokoknya
pkk,pakai
pkek,pakai
pkee,pakai
pke,pakai 
pkai,pakai 
pk,pakai
pjg,panjang
pjang,pajang
pisan,sangat
pipi'y,pipinya
pipinyaaa,pipinya
pipine,pipinya
pintr,pintar
pinter,pintar
pinkkkk,pink
pinjem,pinjam 
pinginnn,ingin
pingin,ingin 
pilm,film
pilkada,pemilihan kepala daerah
pilihnmu,pilihanmu
pilihannny,pilihannya
pilem,film 
"pikir""",pikir-pikir
piiink,pink
piiiilih,pilih
pi,tapi
pgnnya,pengennya
pgn,ingin 
pgin,ingin
pgi,pagi
pgen,ingin 
pgang,pegang
pg,pergi 
petinggi2,petinggi-petinggi
pesenan,pesanan
pesen,pesan
perubut,perebut
pertma,pertama
pertanyaanny,pertanyaannya
pertamany,pertamanya
personill,personil
pernikahn,pernikahan
perna,pernah
permasalhkan,permasalahkan
perjabatt,pejabat
perilakuny,perilakunya
perhatiin,perhatikan
perhatiam,perhatian
perda,peraturan daerah
percya,percaya
perbulannn,perbulan
perbaikin,memperbaiki
perasaanny,perasaannya
peragain,peragakan
penyebab2,penyebab-penyebab
penyanyi2,penyanyi-penyanyi
penyakitny,penyakitnya
pentingg,penting
pentass,pentas
pensaran,penasaran
penjas,pendidikan jasmani
pengrusak,perusak
pengn,ingin
pengin,ingin 
pengikuy,pengikut
pengikutny,pengikutnya
penghrgaan,penghargaan
penghianat,pengkhianat 
pengennnn,ingin
pengennn,ingin
pengenn,ingin
pengen,ingin
pengeeenn,ingin
penganten,pengantin
pengan,ingin
pengalam,pengalaman
penertiban,tertib
penbelian,pembelian
penasarn,penasaran
penasarannnn,penasaran
penasaraaann,penasaran
pen,ingin
pemred,pemimpin redaksi
pemkot,pemerintah kota
pemda,pemerintah daerah
pemainy,pemainnya
pelwak,pelawak
peliharaaaa,pelihara
peleotin,meleot
pelatnas,pemusatan latihan nasional
pelastik,plastik
pegi,pergi 
pegangin,memegang
pegang2,pegang-pegang
peengn,ingin
peen,ingin
pedulilaaaah,pedulilah
peduliin,mempedulikan
pedesssss,pedas
pedes,pedas
pede,percaya diri
pecahhg,pecah
pdng,padang
pdhl,padahal 
pdhall,padahal
pdhal,padahal 
pdahal,padahal
pda,pada
pd,pada
pcrnya,pacarnya
pcrny,pacarnya 
pcrn,pacaran
pcran,pacaran
pcr,pacar 
pcarny,pacarnya
pcaranya,pacarannya
pcaran,pacaran
pcar,pacar
paz,pas
payahh,payah
pasutri,pasangan suami istri
pastii,pasti
past,pasti
passs,pas
pass,pas
"pasien""nya",pasien-pasiennya
pasangn,pasangan
pas2an,pas-pasan
parte,partai
parsis,persis
parpol,partai politik
paripurnahh,paripurna
paranoid,takut
parahh,parah
paraah,parah
paraaah,parah
paraa,para
para2,parah-parah
papiii,papi
papahhhnya,papahnya
pantess,pantas
pantesan,pantas 
pantes,pantas
pansus,panitia khusus
pans,fan
pankapan,kapan-kapan
panglingg,pangling
panggilan'ya,panggilannya
panggilan'y,panggilannya
pandanginya,memandanginya
pan,kapan
palingann,palingan
palinf,paling
palgi,apalagi
pala,kepala
paksin,vaksin
paksain,memaksa
pakke,pakai
pakek,pakai 
pake,pakai 
pait,pahit
pahamin,pahami
pahalax,pahalanya
padhl,padahal
padhe,pakde
padetan,padatan
padet,padat
padahl,padahal
padahall,padahal
pacarrr,pacar
pacarr,pacar
pacarnyaa,pacarnya
pacarn,pacaran
pacaranya,pacarannya
pacarane,pacarannya
pacara,pacaran
pacal,pacar
paati,pasti
paaak,pak
pa2,apa-apa
pa,apa
owh,oh
owalaah,walah
ouh,oh
ouch,oh
otw,on the way
otot2,otot-otot
otda,otonomi daerah
ortunya,orang tuanya
ortuny,orang tuanya
ortu,orangtua 
orrunya,orang tuanya
orng,orang 
orlaen,orang lain
ori,orisinal
orgtuanya,orang tuanya
orgny,orangnya
org2,orang-orang
org,orang
orangg,orang
orang2,orang-orang
"orang""nya",orang-orangnya
"orang""",orang-orang
orabg,orang
ora,tidak
or,orang
oprasiya,operasinya
oprasi,operasi
oplas,operasi plastik
oot,out of topic
oooh,oh
oom,om
ooh,oh
onoh,sono
ono,sono
ongkirr,ongkir
ongkir,ongkos kirim
ongkiir,ongkir
omongin,mengomongkan
omdo,omong doang
omaaaaaaakk,oma
oma2,oma-oma
oles2,oles-oles
ol,online 
okz,oke
okeh,oke
okedeh,oke
okedech,oke
ok,oke
ohhhh,oh
ohh,oh
ogah,tidak mau
oce,oke
oc,oke
oalaaaa,walah
o/,oleh
nyusul,susul 
nyusahin,menyusahkan
nyusahhin,menyusahkan
nyuruh,suruh 
nyupir,menyopir
nyukur,cukur 
nyuci,cuci 
nyubitt,mencubit
nyubit,mencubit
nyta,nyata
nyolotinnnn,menyolot
nyolot,menyolot
nyolong,mencolong
nyokap,ibu
nyok,yuk
nyoblos,mencoblos
nyobain,mencoba
nyoba,mencoba
nyo,nya
nyiram,menyiram
nyir2,nyinyir
nyinyirin,nyinyir
nyindirin,menyindir
nyindir,menyindir
nyimpen,menyimpan
nyimak,menyimak
nyiksa,menyiksa 
nyicil,mencicil
nyiapin,mempersiapkan
nyia2in,menyia-nyiakan
nyetel,setel 
nyet,monyet
nyesell,menyesal
nyesel,menyesal
nyesek,sesak 
nyerocos,mencerocos
nyerocooooos,mencerocos
nyeremin,menyeramkan 
nyerang,menyerang
nyeplak,menjiplak
nyeniii,menyeni
nyengir,menyengir
nyenengin,menyenangkan
nyender,menyandar
nyempetin,menyempatkan
nyembah,sembah
nyelesain,menyelesaikan
nyela,mencela
nyekar,menyekar
nyebutin,menyebutkan
nyebut2,menyebut-nyebut
nyebur,mencebur
nyebelin,menyebalkan
nyatok,mencatok
nyatakan,menyatakan
nyasar,tersesat
nyaru,menyaru
nyariin,mencari
nyari,mencari
nyaranin,menyarankan
nyanyiin,menyanyikan
nyantai,santai 
nyangkutnya,menyangkutnya
nyangkaa,menyangka
nyangka,sangka 
nyampenya,sampainya
nyampein,menyampaikan
nyampe,sampai 
nyampah,menyampah
nyambungin,menyambung
nyambung,menyambung
nyambet,menyambat
nyamain,menyamakan
nyalain,nyalakan 
nyalahin,menyalahkan
nyakitin,menyakiti
nyakiti,menyakiti 
nyah,nya
nyadar,menyadari
nyaaaaaaaaaaaaa,nya
nyaaaaaaaaa,nya
nyaaaaaaa,nya
nyaaaa,nya
nyaaa,nya
nyaa,nya
ny,nya
nutupin,menutupi
"nutup""in",menutup-nutupi
nusuk,menusuk
nuntut,menuntut
nungguin,tunggu 
nunggu,menunggu
nunduk,menunduk
numpuk,bertumpuk
nulis,menulis
nuduh,menuduh
ntu,itu 
ntr,nanti 
nton,nonton 
ntn,nonton 
ntikk,cantik
ntik,cantik
nti,nanti 
ntar,nanti 
ntapsss,mantap
ntappp,mantap
ntap,mantap
ntah,entah
ntaf,mantap
ntab,mantab
nt,nanti
nrka,neraka
nraktir,traktir 
np,now playing
novembr,november
nontoonnn,menonton
nontonya,menontonnya
nontonx,menontonnya
nontonny,menontonnya
nontonnnn,menonton
nonton,menonton
nolongin,menolong
nolak,tolak 
nobar,menonton bareng
nnton,nonton 
nntn,nonton 
nnti,nanti 
nnt,nanti
nmr,nomor
nmpk,nampak
nmnya,namanya
nmny,namanya 
nmenarik,menarik
nmbk,menembak
nmbh,tambah 
nmbah,bertambah
nm,nama
njrittt,anjir
njirrr,anjir
njirr,anjir
njir,anjir
njiirr,anjir
njerr,anjir
njayyy,anjay
njay,anjay
niyyyyhhhh,nih
niyh,nih
niru,meniru
nipu,tipu
ninggiin,meninggikan
ninggalin,tinggalkan 
nimpuk,menimpuk
nilai2,nilai-nilai
nikmatin,menikmati
nikahin,menikahi
nikaah,nikah
niiiihh,nih
niiihh,nih
niiih,nih
niihh,nih
niih,nih
nii,ini
nihhh,nih
nihh,nih
nih2,nih-nih
nih,ini
nie,ini
nich,nih
ni,ini 
nha,nya
nh,nih
ngurusin,mengurusi
ngurusan,mengurusi
ngurus,urus 
ngunyah,kunyah 
ngungkit2,mengungkit-ungkit
ngundurin,mengundurkan 
ngumung,mengomong
ngumpul,berkumpul
"ngumpet""",mengumpet-ngumpet
ngumpet,sembunyi
ngumpat2,mengumpat-ngumpat
ngumbar2,mengumbar-umbar
ngumbar,mengumbar
ngulangin,mengulangi
ngucapin,mengucapkan
nguburin,menguburkan
ngubek2,mencari-cari
ngtif,negatif
ngtain,mengatai
ngrusin,mengurusi
ngrusak,merusak
ngrti,mengerti
ngriii,mengiri
ngri,negeri
ngrebut,merebut
ngrasain,merasakan 
ngp,mengapa
ngorbanin,mengorbankan
ngomongnya,mengomongnya
ngomongin,mengomongkan
"ngomong""",ngomong-ngomong
ngomong,mengomong
ngomomg,mengomong
ngomng,mengomong
ngomentnya,mengomentarinya
ngomentarin,mengomentari
ngomenin,mengomentari
ngomen,mengomentari
ngom,mengomong
ngolokin,mengolok
ngocol,lucu
ngocok,mengocok
ngoceh,mengoceh
ngobrol,mengobrol
ngobatin,obati 
ngntr,ke kantor
ngntk,mengantuk 
ngmps,ke kampus
ngmpl,berkumpul 
ngmngnya,mengomongnya
ngmngin,mengomongkan
ngmng,mengomong
ngmgin,mengomongkan
ngmg,omong 
ngmbl,mengambil 
ngkkkkkk,mengakak
ngk,tidak 
ngjk,mengajak 
ngitem,menghitam
ngisiin,mengisikan
ngisi,mengisi
ngiritya,mengiritnya
ngiringan,mengiringi
ngirim,mengirim
ngiriii,mengiri
ngiri,mengiri
ngintip,mengintip
ngintilin,mengintil
nginjek,menginjak
ngingetin,mengingatkan 
nginep,menginap 
ngimpi,mimpi
ngilerrrr,mengiler
ngiler,mau
ngilangin,menghilangkan
ngilang,menghilang
ngikutin,mengikuti
ngikut,ikut
ngidam,mengidam
ngibul,berbohong
nggosok,menggosok
nggk,tidak 
ngggk,enggak
nggesek,menggesek
nggeh,engah
nggax,tidak
nggali,menggali
nggak,tidak 
ngga,tidak 
ngg,enggak
ngfans,fan
ngeuh,engah
ngettt,banget
ngetsz,banget
ngets,banget
ngetik,mengetik
nget,banget
ngeselin,mengesalkan
ngerussak,merusak
ngertiin,mengerti
ngertii,mengerti
ngerti,mengerti
ngerrrriiii,ngeri
ngerokok,merokok
ngerjain,mengerjakan 
ngeriiiiii,ngeri
ngerii,ngeri
ngeri2,ngeri-ngeri
ngerespon,merespons
ngerendahin,merendahkan
"ngerebut""",merebut-rebut
ngerebut,merebut
ngerayain,merayakan
ngerasain,merasakan 
ngerasa,merasa
ngerampok,merampok
ngerampas,merampas
ngepoin,mengepoi
ngepake',memakai
ngentotin,senggama
ngemeng,mengomong
ngembali,kembali
ngeluh,keluh 
ngelucu,melucu
ngeluarin,mengeluarkan
ngelihatnya,melihatnya
ngelihat,melihat
ngelidur,menggigau
ngeliatnya,melihatnya
ngeliatin,melihat 
ngeliat,melihat
ngelewati,melewati
ngeles,berkilah
ngelawan,melawan
ngelawak,melawak
ngelarang,melarang
ngelaporin,melaporkan
ngelamar,melamar
ngelakuin,melakukan
ngelahirin,melahirkan
ngeksis,menjadi eksis
ngekos,tinggal di kos
ngeklaim,mengklaim
ngekek,mengekek
ngekeh,kekeh
ngejuangin,memperjuangkan
ngejilat,menjilat
ngejelek2in,menjelek-jelekkan
ngejelek,menjelekkan
ngejatuhin,manjatuhkan
ngeidealin,mengidealkan
ngehujat,menghujat
ngehina,menghina
ngehe,kesal
ngehancurin,menghancurkan
ngehakimi,menghakimi
ngehadepin,menghadapi 
ngeh,engah
ngegosip,gosip 
ngegmesin,menggemaskan
ngegemesin,menggemaskan
ngegantiin,menggantikan
ngegampar,menggampar
ngefans,fan
ngedukung,mendukung
ngeditnya,mengeditnya
nged,banget
ngeceng,kumpul bareng-bareng
ngecek,mengecek
ngebully,intimidasi
ngebuktiin,membuktikan
ngebolehin,membolehkan
ngebiarin,membiarkan
ngebenci,membenci
ngebelain,membela
ngebela,membela
ngebedain,membedakan
ngebantu,membantu
ngebandel,berbuat bandel
ngebales,membalas
ngebala,bala
ngcpin,mengucapkan
ngayal,mengkhayal
ngawur,berbicara sembarangan
ngatur,mengatur
ngatain,mengatai
ngatai,mengatai
ngata2in,mengata-ngatai
ngasih2,mengasih-ngasih
ngasih,mengasih
ngasi,mengasih
ngaruh,berpengaruh
ngarsipin,mengarsipkan
ngaret,terlambat
ngareppppp,mengharap
ngarepinnya,mengharapkannya 
ngarep,mengharap
ngarang,mengarang
ngapusi,bohong
ngapus,menghapus
ngapasih,mengapa sih
ngapain,mengapai
ngapah,kenapa
ngantri,mengantri
nganterin,mengantarkan
nganter,antar 
nganteng,ganteng
ngantar,mengantar
nganggur,tidak punya pekerjaan
nganggepin,menanggapi
nganbek,mengambek
ngampus,pergi ke kampus
ngambil,ambil 
ngambeknya,mengambeknya
ngambekan,ambekan
ngambek,mengambek
ngamatin,mengamati
ngalirrrrr,mengalir
ngalir,mengalir
ngalahin,mengalahkan
ngalah,mengalah
"ngaku""",mengaku-ngaku
ngaku,mengaku
ngakakkk,mengakak
ngakak,terbahak-bahak 
ngakaaaakkk,mengakak
ngak,tidak 
ngajuin,mengajukan
ngaji,mengaji
ngajarin,mengajari
ngajar,mengajar
ngajak,mengajak
ngadu,mengadu
ngademin,mengademkan
ngadain,mengadakan
ngaco,mengaco
ngacaaa,mengaca
ngaca,mengaca
ngabungin,menggabungkan
ngabuburit,menunggu berbuka puasa
ngabis2in,menghabiskan
ngabarin,mengabarkan
nga,enggak
next,lanjut
netes,menetes
netaas,menetas
nerusin,meneruskan
nerima,menerima
nerawang,menerawang
nentuin,menentukan
nengok,tengok 
nenek2,nenek-nenek
"nenek""",nenek-nenek
nemuin,menemukan
nemu,temu 
nempel,menempel
nemenin,menemani 
nembak,menembak
nelfon,menelepon
nelen,telan 
nekolin,neokolonialisme
nekolim,neokolonialisme
neko2,neko-neko
neh,nih
negri,negeri
nee,ini
ne,ini
ndut,gendut
ndukung,mendukung
ndk,tidak 
ndiri,sendiri
ndax,tidak
ndak,tidak
nda,tidak
nd,indak
ncek,encek
nax,anak
nawarin,menawari
naturalllll,natural
natap,menatap
nasgor,nasi goreng
nasehatin,menasihati
narsis,bangga pada diri sendiri
narkoba,narkotika
narik,menarik
nari,menari
naq,anak
napza,narkotika
napsuu,napsu
napol,narapidana politik
napi,narapidana
nape,kenapa 
napas,nafas 
napa,kenapa 
naon,apa
nanya,tanya
nantik,nanti
nantiii,nanti
nantii,nanti
nantangin,menantang
nangisss,menangis
nangiss,menangis
"nangis""",menangis-nangis
nangis,menangis
nangiis,menangis
nangiiis,menangis
nangiiiiis,menangis
nanggepin,menanggapi
nanget,banget
nanam,menanam
nampar,menampar
nampak,menampak
namnya,namanya
nambahh,bertambah
nambah,tambah 
namax,namanya
namany,namanya
nama'in,namai
namain,menamai
nama.a,namanya
"nama""",nama-nama
nal,kenal
nakutin,menakutkan
naksir,menaksir
naka,nakal
nak,anak
najiss,najis
nahhh,nah
nahh,nah
nahannnn,tahan
nahan,tahan 
nagiss,menangis
naggung,menanggung
nafkahin,menafkahi
nafass,nafas
naek,naik
nabung,tabung 
naaahhh,nah
naaaak,nak
naaaaahh,nah
naaaa,nya
na,nya
n,dan
mz,mas 
mw,mau 
mu'uv,maaf
muuv,maaf
muuuu,mu
muupz,maaf
muup,maaf
mutusin,memutuskan
mutuain,memutuskan
mutihin,memutihkan
musti,harus 
musda,musyawarah daerah
murmer,murah meriah
murhan,murahan
murahhh,murah
muraaaaah,murah
mupeng,muka pengin
muntaber,muntah dan berak
mungkiin,mungkin
mungki,mungkin
munfik,munafik
munaslub,musyawarah nasional luar biasa
munas,musyawarah nasional
munafikk,munafik
munaafikk,munafik
muna,munafik
mumpung,selagi
mumet,pusing
muluuu,melulu
mulutnyaaa,mulutnya
mulutny,mulutnya
mulut2,mulut-mulut
mulusssss,mulus
mulu,terus 
muliany,mulianya
muker,musyawarah kerja
muke,muka
mukax,mukanya
mukanyaa,mukanya
mukae,mukanya
muka2,muka-muka
"muka""",muka-muka
muga,moga
"mudh""an",mudah-mudahan
mudah2n,mudah-mudahan
mudah2an,mudah-mudahan
mudah2,mudah-mudah
"mudah""n",mudah-mudahan
"mudah""an",mudah-mudahan
mudaa,muda
mubes,musyawarah besar
muantteepp,mantap
muantaap,mantap
mualll,mual
muahal,mahal
mti,mati
mtanya,matanya
mt,makan teman
msuk,masuk
msti,harus 
mst,mesti
msng2,masing-masing
mslhnya,masalahnya
mslh,masalah
msl,misal 
mskpn,meskipun
msknya,masaknya
mskn,masakan 
mskipun,meskipun 
mski,meski 
mskasih,terima kasih
msk,masuk
msih,masih 
msh,masih 
msg2,masing-masing
msg,masing 
msalah,masalah
msa,masa
"ms""",masa-masa
ms,masih
mrusak,merusak
mrnghadapi,menghadapi
mrka,mereka
mrk,mereka 
mrit,merit
mrip,mirip
mrh,marah 
mrekaaaa,mereka
mrekaa,mereka
mreka,mereka
mrangkul,merangkul
mrah,marah
mpe,sampai
motret,memotret
most,paling
mosok,masa 
moso,masa
moqa,moga
mokat,mati
mokad,mati
mohom,mohon
moge,motor gede
moga,semoga
modes,modis
model2,model-model
mo,mau 
mnyngkn,menyenangkan 
mnyakitiku,menyakitiku 
mnutup,menutup
mnusuk,menusuk
mnum,minum 
mntp,mantap 
mntn,mantan
mnta,minta 
mnt,minta
mnrtkuu,menurutku
mnrt,menurut
mnolak,tolak
mnjual,menjual
mnjmput,menjemput
mnjijikaaaaaan,menjijikkan
mnjdkan,menjadikan
mnjdi,menjadi
mnjawab,menjawab
mnjadi,menjadi
mnisss,manis
mnis2nya,manis-manisnya
mnilai,menilai
mngkn,mungkin
mngkin,mungkin
mngkannya,mangkanya
mngira,mengira
mngikuti,mengikuti
mnghina,menghina
mngerti,mengerti
mngasi,mengasih
mnganalisa,menganalisa
mng,menang 
mnerima,menerima
mndptkn,mendapatkan 
mndpt,mendapat
mndpat,mendapat
mnding,mending
mndi,mandi 
mndgr,mendengar 
mndgn,lebih baik
mndg,lebih baik
mndaptkan,mendapatkan
mncoba,mencoba
mnambh,menambah
mna,mana 
mn,mana
mmz,mas
mmperbaiki,memperbaiki
mmg,memang 
mmbodohkan,membodohkan
mmberikn,memberikan
mmberikan,memberikan
mmberi,memberi
mmbela,membela
mmbanggakan,membanggakan
mmantab,mantap
mmang,memang
mlz,malas
mlu,malu
mlt.a,mulutnya
mls,malas 
mlm,malam 
mlikk,milik
mlh,malah
mlepaskan,melepaskan
mlah,malah
mksud,maksud
mkst,maksud
mksih,terima kasih
mksh,terima kasih
mksdx,maksudnya
mksdq,maksudku 
mksdnya,maksudnya 
mksdny,maksudnya 
mksdku,maksudku
mksd,maksud
mknya,makanya
mkny,maka itu
mknan,makanan 
mkn,makin
mkir,memikir
mkin,makin
mkanya,makanya 
mkanan,makanan 
mkan,makan 
mka,maka 
mk.a,makanya
mk,maka
mitnah,memfitnah
misal'a,misalnya
mirp,mirip
miripppp,mirip
mirippp,mirip
miripp,mirip
miriplahhhhhh,miriplah
miring2,miring-miring
miriip,mirip
miriiippp,mirip
miriiiip,mirip
miriiiiip,mirip
miras,minuman keras
"minyak""an",minyak-minyakan
mintk,minta
minta,meminta
minpi,mimpi
minjem,pinjam 
mimpiii,mimpi
mimin,admin
milis,mailing list
milikin,memiliki
milih,pilih 
mikol,minuman beralkohol
mikirinnn,memikirkan
mikirin,memikirkan
mikir2,memikir-mikir
miker,minuman keras
migas,minyak dan gas bumi
miara,memiara
miapah,demi apa
miapa,demi apa
mhsw,mahasiswa 
mhs,mahasiswa 
mhn,mohon
mh,mah
mgu,minggu
mgkn,mungkin
mgkin,mungkin
mgk,mungkin
mg,moga
mff,maaf
mf,maaf
met,selamat
mesrany,mesranya
mesen,pesan 
merrid,merit
merka,mereka
merindinggg,merinding
meriahh,meriah
merhatiin,memperhatikan 
merekak,mereka
merekaaaa,mereka
merekaa,mereka
mereka2,mereka-mereka
meranin,memerankan
mepet,dekat sekali
menyenangkn,menyenangkan
menyebut2,menyebut-nyebut
menurur,menurut
"mentang""",mentang-mentang
"mentah""",mentah-mentah
menjelekan,menjelekkan
menjdi,menjadi
mengperbolehkan,memperbolehkan
mengncang,mengencang
mengirusi,mengurusi
mengikutii,mengikuti
menghilangkn,menghilangkan
mengherthii,mengerti
mengalahkn,mengalahkan
mengait2kan,mengait-ngaitkan
menegerti,mengerti
mendj,menjadi
mendingan,lebih baik
mending,lebih baik
mendapatkn,mendapatkan
mendam,memendam
menbelah,membelah
menasehati,menasihati
"membanding""",membanding-banding
melulu,selalu 
meluk,memeluk
melu,ikut
melihara,memelihara
melebihin,melebihi
melakukn,melakukan
melahirin,melahirkan
meker,mikir
mehoonggggg,mahal
megang,memegang
mdpt,mendapat 
mdh2n,mudah-mudahan
mdh2an,mudah-mudahan
"mdh""",mudah-mudah
mdh,mudah 
mdgn,baikan 
mdg,lebih baik
mct,macet 
mcm,macam
mbuh,embuh
mbual,bual
mboizzz,bois
mblooo,jomblo
mblo,jomblo
mbk,mbak
mbil,sambil
mbg,mbak
mbanya,mbaknya
mbakyu,mbak ayu
mbakx,mbaknya
mbaknyaahh,mbaknya
mbak2,mbak-mbak
"mbak""",mbak-mbak
mbahh,mbah
mbaakk,mbak
mbaak,mbak
mbaaass,mbak
mbaaahhh,mbah
mbaaa,mbak
mbaa,mbak
"mba""",mbak-mbak
mba,mbak
mb,mbak
mayann,lumayan
mayan,lumayan
may,mau
maw,mau
mauuuuuuu,mau
mauuuuuu,mau
mauuuuu,mau
mauuuu,mau
mauuu,mau
mauu,mau
mattihhh,mati
mato,mata
matii,mati
"mati""an",mati-matian
mateng,matang 
mateeeek,mati
mateeeeeeeeeeee,mati
mata'y,matanya
mataq,mataku
matany,matanya
masyarakay,masyarakat
masyaallahhh,masyaallah
masy,masyarakat
masukin,memasukkan
massss,mas
maso,masa
maslah,masalah
masio,masih
masing2,masih
"masing""",masing-masing
masi,masih
masalahh,masalah
masakin,masakan 
masaaaa,masa
masa2,masa-masa
martabakk,martabak
markus,makelar kasus
marh,marah
marah2an,marah-marahan
marah2,marah-marah
mao,mau
manusiy,manusia
mantes,memantas
manteppp,mantap
mantepp,mantap
mantep,mantap 
manteep,mantap
manteb,mantap
mantapppppp,mantap
mantappp,mantap
mantapp,mantap
mantanny,mantannya
mantaff,mantap
mantabs,mantab
mantabb,mantab
mantaap,mantap
mantaaap,mantap
manta,mantan
mansyoallah,masyaallah
mansetan,bermanset
mano,mana 
manjain,memanjakan
manisss,manis
manisnyaaaa,manisnya
maniez,manis
manies,manis
manggil,panggil 
mang,memang
maneh,mana 
mane,mana 
mandiin,memandikan
mancungin,memancungkan
mancing2,memancing-mancing
mamz,makan
mampuuu,mampu
mampuussss,mampus
mampet,mampat 
mamer,memamerkan
mamax,mamanya
mamas,mas
mamam,makan 
mamah,mama 
mama.nyy,mamanya
mam,makan
maluuuu,malu
maluuu,malu
maluu,malu
malu2in,malu-malui
malsudnya,maksudnya
malming,malam minggu
malingg,maling
malh,malah
males,malas
malem2,malam-malam 
malem,malam
malangg,malang
malah,bahkan
maksutku,maksudku
maksir,menaksir
maksih,terima kasih
maksd,maksud
maksain,memaksakan
makny,maknya
makn,makan 
makkk,mak
"maki""",maki-maki
make,pakai 
makasihhh,terima kasih
makasih,terima kasih
makasi,terima kasih
makanyaa,makanya
makany,makanya
makana,karena itu
makaci,terima kasih
mak jang,kaget
mak,ibu
majuuu,maju
main2,main-main
mai,mau
maho,manusia homo
mahhhh,mah
mahh,mah
mahatma,maju sehat bersama
mahall,mahal
mager,malas bergerak
magabut,makan gaji buta
maenya,mainnya
maen,main
maem,makan
madesu,masa depan suram
macih,masih
macem-macem,macam-macam
macem2,macam-macam
macem,macam
macam2,macam-macam
mabes,markas besar
mabal,bolos
maauuu,mau
maau,mau
maapin,maaf
maap,maaf
maak,mak
maafin,memaafi
maaciw,terima kasih
maacih,terima kasih
maaci,terima kasih
maaasss,mas
ma,sama
m,sama
lyt,lihat
lwt,lewat
lwn,lawan
lw,lu
lvl,level 
luv,cinta
luuuucuuu,lucu
luuuaar,luar
luucuuu,lucu
luu,lu
lutunaaa,lucunya
lutunaa,lucunya
lutuna,lucunya
lutu,lucu
luthuna,lucunya
luthu,lucu
lurusin,meluruskan
luph,cinta
lupain,melupakan
lun,belum
lum,belum
luhhh,lu
luh,lu
luff,cinta
lucux,lucunya
lucuuuuuuuuuu,lucu
lucuuuuuuuu,lucu
lucuuuuu,lucu
lucuuuu,lucu
lucuuuk,lucu
lucuuu,lucu
lucuukk,lucu
lucuu,lucu
lucunyah,lucunya
lucunaaa,lucunya
lucukkkkk,lucu
lucuk,lucu
lucu2,lucu-lucu
luco,lucu
luchuw,lucu
luchu,lucu
luccu,lucu
luber,langsung
luaarrr,luar
lu,kamu 
lt,lantai
lsg,langsung 
lpr,lapar 
lpngn,lapangan 
lp,lupa
lowh,kamu
low,kalau
love,cinta
lov,cinta
loupz,cinta
louph,cinta
looohh,loh
loooh,loh
looo,loh
loohhh,loh
looh,loh
loo,loh
loncattt,loncat
loncatt,loncat
lom,belum
lola,lambat berfikir
lol,tertawa
loksyut,lokasi syuting
lohhhh,loh
lohhh,loh
lohh,loh
loe,lo
loch,loh
lo,kamu 
lnsng,langsung 
lnsg,langsung 
lnjt,lanjut 
lngsung,langsung 
lngsng,langsung 
lngsing,langsing
lngsg,langsung 
lngkp,lengkap 
lmyn,lumayan 
lmyan,lumayan
lma,lama
lm,lama 
lluuccuu,lucu
lluu,lu
llki,lelaki
lkuin,lakukan
liyatnya,lihatnya
liyat,lihat
litbang,penelitian dan pengembangan
liptsk,lipstik
lipetan,lipatan
linmas,perlindungan masyarakat
liht,lihat
lihaatttt,lihat
lihaat,lihat
light,terang
liat'y,lihatnya
liattt,lihat
liatt,lihat
liatnyaaa,lihatnya
liatnya,lihatnya
liatlah,lihatlah
liatin,memperlihatkan
liatiii,lihat
liat2,lihat-lihat
liat,lihat
liad,lihat
liaatt,lihat
liaat,lihat
lht,lihat
lhooo,loh
lhoo,loh
lhirr,lahir
lhir,lahir
lhat,lihat
lha,lah
lh,lah
lgunya,lagunya
lgu,lagu
lgsung,langsung 
lgsng,langsung 
lgsg,langsung 
lgs,langsung
lgkp,lengkap 
lgkah2,langkah-langkah
lgi,lagi 
lggi,lagi
lggeng,langgeng
lg,lagi 
less,kurang
lepasin,melepas
lenje,lenjeh
lengkeeett,lengket
lengkapp,lengkap
lemot,lambat
lemes,lemas 
lelet,lambat
lelaahh,lelah 
lekong,laki
leh,boleh
ledkin,meledeki
ledekin,ledeki
lebh,lebih
lebayy,lebay
lebay,berlebihan
lebarÂ²,lebar-lebar
lebar2,lebar-lebar
le,boleh
lcu,lucu
lbur,libur
lbihh,lebih
lbih,lebih 
lbh,lebih 
lb,lembar 
layan,layanan
lawaaaas,lawas
lau,kau
latian,latihan
latgab,latihan gabungan
laper,lapar 
lapas,lembaga pemasyarakatan
lapakk,lapak
lanud,landasan udara
lansia,lanjut usia
lanjutkaaaaan,lanjutkan
lanjutin,lanjutkan
langgenh,langgeng
langgengggg,langgeng
lancr,lancar
lamp,lampiran
lambreta,lambat
lama2,lama-lama
lam,salam
lakuin,melakukan
"laku""",laku-laku
lakik,laki
laki2,laki-laki
"laki""",laki-laki
laka,kecelakaan
lairannya,kelahirannya
lainnyaa,lainnya
lainnn,lain
lahirr,lahir
lahhhhhh,lah
lahhh,lah
lahh,lah
lagu'y,lagunya
lagu2nya,lagu-lagunya
lagu2,lagu-lagu
laginy,laginya
lagiiii,lagi
lagiii,lagi
lagii,lagi
lagihh,lagi
lagian,lagi 
laff,cinta
lafazd,lafaz
laenny,lainnya
laen,lain
ladenin,meladeni
laaaah,lah
laa,lah
la,lah
kzl,kesal
kyy,kaya
kyny,sepertinya 
kyknya,sepertinya 
kykny,sepertinya 
kyk.a,kayaknya
kyk,seperti 
kyax,kayak
kyanya,sepertinya 
kyaknya,sepertinya 
kyak,seperti 
kya,kaya
ky,kaya
kx,kak
kwatir,kawatir
kw,kau
kuyyy,yuk
kuyy,yuk
kuy,yuk
kuu,ku
kutuu,kutu
kususnya,khususnya
kusem,kusam
kurng,kurang
kureeeen,keren
kurangin,kurangi
kura2,kura-kura
kuq,kok
kuper,kurang pergaulan
kunjungin,kunjungi
kuningggg,kuning
kuninggg,kuning
kuliyh,kuliah
kueren2,keren-keren
kudu,harus
kucing'y,kucingnya
kubarikan,kuberikan
kuatttt,kuat
kuaaatt,kuat
ktwa,ketawa
ktr,kantor 
ktnya,katanya 
ktny,katanya 
ktmu,ketemu 
ktmpt,ke tempat
ktipu,tipu
ktika,ketika
ktg,kita
ktergantungan,ketergantungan
ktemu,ketemu
ktdrn,ketiduran 
ktawa,ketawa
ktauan,ketahuan
ktanya,katanya
ktaatan,ketaatan
ktaa,kita
kta,kita 
kt2,kata-kata
kt,kita 
ksyngn,kesayangan
ksukaanmuuu,kesukaanmu
ksni,kesini
ksn,kesana 
ksmptn,kesempatan 
kslhn,kesalahan
kslahan,kesalahan
ksitu,kesitu
ksini,kesini
ksih,kasih 
ksian,kasihan 
ksh,kasih 
ksenangan,kesenangan
krya,karya
krus,kurus
krupuk,kerupuk 
krudungan,kerudungan
krudung,kerudung
krpoooo,kepo
krng,kurang
krna,karena 
krn,karena 
krmh,ke rumah
krm,kirim
krjaan,pekerjaan
krja,kerja 
kriput,keriput
krikil,kerikil 
krik,garing
kri,kiri
krg,kurang 
krenz,keren
krenn,keren
krena,karena
kren,keren
kreen,keren
kreeenn,keren
kreean,keren
kreative,kreatif
kraya,karya
kra,kira
kr,kira
kqmu,kamu
kq,kok
kpuasan,kepuasan
kptsan,keputusan
kpnpun,kapanpun
kpngn,ingin 
kpn2,kapan-kapan
kpn,kapan 
kpleset,kepleset
kpgn,ingin 
kpd,kepada
kpancing,terpancing
kpan,kapan 
kpala,kepala 
kpada,kepada
kox,kok
kowe,kamu 
kostom,kostum
kosan,kost 
korup,korupsi
korek2,korek-korek
koq,kok
koplakkk,koplak
koplak,kocak
kopdar,kopi darat
konten2,konten-konten
kontak2,kontak-kontak
konsul,konsultasi
konsen,konsentrasi 
konsekwensi,konsekuensi
konjen,konsulat jenderal
kongkow,kumpul bareng teman-teman
komunitas2,komunitas-komunitas
komuk,muka
komtiong,komunis Tiongkok
komsov,komunis sovyet
kompi,komputer
komntr,komentar
komenx,komennya
komentnya,komentarnya
komentarin,komentari
komentar2,komentar-komentar
koment,komentar
komenannya,komentarnya
komenan,komentar
komen2an,komen-komenan
komen2,komen-komen
komdis,komisi disiplin
kokohh,engkoh
kokkk,kok
kog,kok
kodya,kota madya
koclak,kocak
kocakkkkkkkkkkkkkk,kocak
kocakkkkkk,kocak
kocakkk,kocak
kocaaaakkk,kocak
kocaaaak,kocak
kobul,kabul
koar,teriak
ko,kok
knyng,kenyang 
knyataan,kenyataan
kntr,kantor 
knsul,konsultasi
knpp,kenapa
knpa,kenapa 
knp,kenapa 
knlan,kenalan
knl,kenal
kngn,kangen
kngenn,kangen
kngen,kangen
kndung,kandung
kndisi,kondisi
knapa,kenapa 
knan,kanan
knal,kenal
kna,kena 
kn,kan 
kmu,kamu 
kmrn,kemarin 
kmrin,kemarin 
kmren,kemarin 
kmr,kamar 
kmpus,kampus
kmps,kamus 
kmpret,kampret 
kmna,kemana 
kmn,kemana
kmi,kami
kmewahan,kemewahan
kmbl,kembali
kmbang,kembang
kmbali,kembali
kmauan,kemauan
kmarin,kemarin
kmariiin,kemarin
kmari,kemari
kmaren,kemarin 
kmar,kamar
kmanusiaan,kemanusiaan
kmana2,kemana-mana
kmana,kemana
km,kamu 
klwrga,keluarga
klw,kalau 
kluarga,keluarga
kluar,keluar
klu,kalau 
kls,kelas 
klrga,keluarga
klp,kelompok 
klow,kalau
kloter,kelompok terbang
kloop,klop
klok,kalo
klo,kalo
kln,kalian
klmpk,kelompok 
klmbutan,kelembutan
kll,kalo
klkuan,kelakuan
klk,kelak
klihatan,kelihatan
kliatanya,kelihatannya
kliatan,kelihatan
klianz,kalian
klian,kalian
kli,kali 
klhran,kelahiran
klh,kalah 
klg,keluarga
klepek2,klepek-klepek
klen,kalian
klauu,kalau
klau,kalau 
klas,kelas
klakuan,kelakuan
klahiran,kelahiran
kl,kalau 
kklau,kalau
kki,kaki
kkak,kakak
kka,kakak
kk,kakak
kiya,kita
kite,kita 
kitaaa,kita
kitaa,kita
kirimin,mengirimi
kiriii,kiri
kirain,mengira
kira2,kira-kira
kimpoi,kawin
kibus,kaki busuk
kibul,bohong
khwtr,khawatir 
khsny,khususnya 
khidupan,kehidupan
khdpn,kehidupan
kharismanya,karismanya
khanz,kan
khan,kan
khadirannya,kehadirannya
khadiran,kehadiran
khabar,kabar 
kha,kah
kh,kah
kgn,kangen
kgk,tidak 
kgiatan,kegiatan
kgeeeen,kangen
kgak,tidak 
kga,tidak 
keyen,keren
keukeuh,keras kepala
keujanan,kehujanan 
ketuker,tertukar
ketrima,diterima
ketipu,tertipu
ketemuuu,ketemu
ketawakkkk,ketawa
ketawain,mentertawakan
ketawaa,ketawa
ketawa,tertawa 
ketauan,ketahuan
ketarik,tertarik
ketara,tertara
ketaatanny,ketaatannya
ket,keterangan
kesra,kesejahteraan rakyat
kesiniii,kesini
kesinii,kesini
kesian,kasihan 
kesel,kesal 
kesbang,kesatuan bangsa
kesampean,kesampaian
kesalahanny,kesalahannya
kerrrrennnn,keren
kerrennn,keren
kerreeen,keren
kerjaan,pekerjaan
kerikil,kerikil 
kerennnnn,keren
kerennnn,keren
kerennn,keren
kerenn,keren
keren2,keren-keren
"keren""",keren-keren
kereennn,keren
kereenn,keren
kereen,keren
kereeennnn,keren
kereeen,keren
kereeeen,keren
kereeeeennnn,keren
kereeeeennn,keren
kereeeeen,keren
kere,tidak punya uang
kerass,keras
kerasin,kerasi
keq,kek
keputihn,keputihan
kepsek,kepala sekolah
kepppoin,kepoi
kepoin,mengepoi
kepoh,kepo
kepo,ingin tahu
kepngn,ingin 
kepingin,ingin
kepikiran,terpikirkan
kepikir,terpikir
kepengen,ingin 
kepelesett,terpeleset
kepeleset,kepleset
kepda,kepada
kepd,kepada
kepad,kepada
kenyataan2,kenyataan-kenyataan
kentot,senggama
keneh,masih
kencqng,kencang
kencng,kencang
kenceng,kencang
kenapz,kenapa
kenaps,kenapa
kenape,kenapa 
kenapah,kenapa
kenapaa,kenapa
kenalin,mengenalkan
kenaliiin,kenalkan
kemuh,kamu
kemn,kemana
kembaq,kembar
kemarn,kemarin
kemariin,kemarin
kemaren,kemarin 
kemakan,termakan
kelus,kali
keluarin,mengeluarkan
kellen,kalian
keliatannya,kelihatannya
keliatan,kelihatan
keles,kali
kelas'a,kelasnya
kelar,selesai 
kelaperan,kelaparan 
kelaluan,kelakuan
kelahuran,kelahiran
kel,keluarga
kekuranganny,kekurangannya
keknya,sepertinya 
kekk,kayak
kekgini,kayak begini
kekeuh,keras kepala
kek,kayak
kejuu,keju
kejurnas,kejuaraan nasional
kejawab,terjawab
kejahatn,kejahatan
kejadianny,kejadiannya
keinget,teringat
keeeerrrreeeennnnnnnnn,keren
keeeeeren,keren
keee,ke
keedaannya,keadaannya
kedubes,kedutaan besar
keduaa,kedua
kedpan,kedepan
kedokk,kedok
kedengeran,kedengaran
kecr,kece
kecptan,kecepatan
"kecil""",kecil-kecil
kecik,kecil
keciill,kecil
keciil,kecil
keche,kece
keceee,kece
kece2,kece-kece
kecantikanga,kecantikannya
kecakepan,kecakapan 
kec,kecamatan
kebykan,kebanyakan
keburu,terlanjur
kebukti,terbukti
kebukaaa,terbuka
kebongkar,terbongkar
kebnyak'an,kebanyakan
keberpa,keberapa
kebayanyaa,kebayanya
kebayang,terbayang
kebawa,terbawa
kebarat2an,kebarat-baratan
kebanggan,kebanggaan
kebangetak,kebangetan
kebalas,terbalas
"kebaikan""y",kebaikannya
kebagi,terbagi
keak,kayak
kdua,kedua
kdu,harus
kdpn,ke depan
kdng,kadang 
kdg2,kadang-kadang
kdg,kadang 
kdang,kadang
kcwa,kecewa
kcil,kecil
kcian,kasihan
kcewa,kecewa
kcantikan,kecantikan
kbykn,kebanyakan 
kbtln,kebetulan 
kbr,kabar 
kbnykn,kebanyakan 
kbiasaan,kebiasaan
kbetulan,kebetulan
kberkahn,keberkahan
kbawa,terbawa
kbar,kabar
kbahagiaan,kebahagiaan
kayax,kayak
kayaq,kayak
kayanye,kayanya
kayanya,kayaknya 
kayakk,kayak
kayak,mirip 
kayahhh,kaya
kaya'a,kayanya
kayaa,kaya
kaya,kayak
kawinin,mengawini
kauuuu,kau
kau,kamu 
katrok,kampungan
kate,kata
katanyaa,katanya
kata2nyaaa,kata-katanya
kata2nya,kata-katanya
kata2,kata-kata
"kata""",kata-kata
kasubbid,kepala subbidang
kasubbag,kepala subbagian
kasiian,kasihan
kasihn,kasihan
kasiatnya,khasiatnya
kasiannn,kasihan
kasian,kasihan 
kasiaannn,kasihan
kasi,kasih
kasat,kepala satuan
kasar2,kasar-kasar
karya2,karya-karya
"karya""",karya-karya
kartunin,kartun
karoke,karaoke 
karna,karena 
karmaaa,karma
karir.a,karirnya
kareno,karena
kapt,kapten
kapn,kapan
kapanliburanlagi,kapan libur lagi
kapan2,kapan-kapan
kapaan,kapan
kanwil,kantor wilayah
kannn,kan
kann,kan
kanggggg,kang
kanggen,kangen
kangennnnnnnnnnnnnnnn,kangen
kangennnnnnn,kangen
kangennnnnn,kangen
kangennnnnmnnnnnnnnnnnnnnnnn,kangen
kangennnnn,kangen
kangennnn,kangen
kangennn,kangen
kangenn,kangen
kangem,kangen
kangeenn,kangen
kangeen,kangen
kangeeerrn,kangen
kangeeeennnnn,kangen
kangeeeennn,kangen
kangeeeeennn,kangen
kangeeeeeeeenya,kangen
kangeeeeeeeeennnnnnnn,kangen
kangeeeeeeeeeeennnnn,kangen
kancang,kencang
kanapa,kenapa
kana,kanan
kamyuhhh,kamu
kamyu,kamu
kamuwh,kamu
kamuuuu,kamu
kamuu,kamu
kamunyaa,kamunya
kamuh,kamu
kamu2,kamu-kamu
kamtibmas,keamanan dan ketertiban masyarakat
kamtib,keamanan dan ketertiban
kamsud,maksud 
kampungn,kampungan
kampret,sialan
kamo,kamu
kamiiii,kami
kam,kamu
kalw,kalau
kalu,kalau
kaloo,kalo
kalok,kalo
kalogak,kalo enggak
kalo,kalau 
kallo,kalo
kalli,kali
kalik,kali
kaliiin,kalian
kaliiiiiii,kali
kaliiii,kali
kaliii,kali
kalii,kali
kaliannnnnnn,kalian
kaliannnnnn,kalian
kaliannnnnm,kalian
kaliannn,kalian
kaliann,kalian
kaliaan,kalian
kaleyan,kalian
kaleee,kali
kalee,kali 
kale,kali
kalahnye,kalahnya
kakkkkk,kak
kakkkk,kak
kakkk,kak
kakk,kak
kakau,kalau
kakanya,kakaknya
kakanga,kakaknya
kakakuuu,kakakku
kakakny,kakaknya
kakakkk,kakak
kakakgh,kakak
kakakaaaaaaaaaaaaaa,kakak
kaka,kakak
kaj,kak
kaitannha,kaitannya
kageet,kaget
kageeet,kaget
kagak,tidak 
kaga,kagak
kafeh,kafe
kadiv,kepala divisi
kadit,kepala direktorat
kacrut,kacau
kaciiaann,kasihan
kacian,kasihan
kacauuuu,kacau
kabor,kabur
kabag,kepala bagian
kab,kabupaten
kaasian,kasihan
kaannnn,kan
kaan,kan
kaakk,kak
kaakaaaa,kakak
kaak,kak
kaaan,kan
kaaakk,kak
kaaaaaann,kan
kaaaaaaaaaakkkkkkkkkkk,kak
kaaaaa,kak
kaaaa,kak
kaaa,kak
kaa,kak
ka,kak
k',kak
k,kak
jwbny,jawabannya 
jwbn,jawaban 
jwban,jawaban
jwb,jawab
jwab,jawab
jutek,galak
justeru,justru
jurdil,jujur adil
jungkiir,jungkir
jugak,juga
jugaakk,juga
jugaaa,juga
jugaa,juga
judulnyaa,judulnya
jubir,juru bicara
jth,jatuh
jt,juta
jrnk,jarang
jrng,jarang 
jrg,jarang 
jrang,jarang
jpn,jepang 
jorookknya,joroknya
jorokkkk,jorok
jombsss,jomblo
jomblo,tidak punya pacar
jogetin,berjoget
jodohx,jodohnya
jodohny,jodohnya
jnj,janji
jngnn,jangan
jngn,jangan 
jngan,jangan 
jng,jangan 
jnda,janda
jnagn,jangan
jmt,jumat 
jmpt,jemput 
jmpaaaa,jumpa
jmnya,jamnya
jmlh,jumlah 
jml,jumlah 
jmbtn,jembatan 
jm,jam 
jls2,jelas-jelas
jln2,jalan-jalan
jln,jalan
jlek,jelek
jlbb,jilbab
jl,jalan 
jkt,jakarta
jkrta,jakarta
jkrt,jakarta 
jk,jika
jjur,jujur
jirrrr,anjir
jirr,anjir
jir,anjing
jink,anjing 
jing,anjing
jilbb,jilbab
jilbabnye,jilbabnya
jilbabnyaah,jilbabnya
jilbabny,jilbabnya
jijay,jijik
jidad,jidat
jh,saja
jgnkan,jangankan
jgnjgn,jangan-jangan 
jgn2,jangan-jangan
jgn,jangan 
jglh,jagalah 
jgk,juga
jgan,jangan 
jga,juga 
jg,juga 
jerewi,jerawat
jentelmen,berani
jeniuss,jenius
jendral,jenderal
jendesss,janda
jendess,janda
jendes,janda
jem,jam 
jels,jelas
jelex,jelek
jelekin,menjelekkan
jelek2,jelek-jelek
"jelek""in",menjelek-jelekkan
jelasssss,jelas
jelashh,jelas
jelase,jelas
jelas2,jelas-jelas
"jelas""",jelas-jelas
jd'y,jadinya
jdwl,jadwal
jdulnya,judulnya
jdnya,jadinya 
jdny,jadinya 
jdikan,jadikan
jdii,jadi
jdi,jadi 
jd,jadi
jayus,tidak lucu
jawabanya,jawabannya 
jawabanny,jawabannya
jauuhhh,jauh
jauhin,jauhi
jauhhh,jauh
jauhh,jauh
jatuhnyaa,jatuhnya
jatoh,jatuh
jari2,jari-jari
jaoooh,jauh
janka,jangka
janjutin,lanjutkan
jangan2,jangan-jangan
"jangan""",jangan-jangan
jangaaan,jangan
jancuk,anjing
jancoeg,jancuk 
jan,jangan
jamber,jam berapa
jaman2nya,jaman-jamannya
jaman2,jaman-jaman
jamam,jaman
jalanin,menjalani
jalanani,menjalani
jalan2,jalan-jalan
"jalan""nya",jalan-jalannya
jakety,jaketnya
jaim,jaga image
jahatin,menjahati
jagain,jaga
jadulnya,jaman dulunya
jadull,jadul 
jadul,jaman dulu
jadu,jadi
jadilh,jadilah
jadiin,jadikan
jadii,jadi
jablay,jarang dibelai
jaadii,jadi
jaaangan,jangan
ja,saja
j,saja
iyuuuhhhh,ih
iyuuhhh,ih
iyupz,iya
iyup,iya
iyuh,ih
iyoo,iya 
iyo,iya
iyha,iya
iyh,iya
iye,iya
iyapz,iya
iyap,iya
iyala,iya lah
iyak,iya
iyain,mengiyakan 
iyah,iya
iyach,iya
iyaappps,iya
iyaap,iya
iyaaaa,iya
iyaaa,iya
iyaa,iya
iy,iya
iu,itu
ityl,itil
ituuuu,itu
ituuu,itu
ituu,itu 
itungan,hitungan
itung,hitung
itumahh,itumah
itumah,itu 
ituh,itu
ithu,itu
item,hitam 
it,itu
istrht,istirahat 
istiqomahhh,istikamah
istiqomah,istikamah
istiqamah,istikamah
istimewaaa,istimewa
istaa,nista
ista,nista
isengin,bercanda
iseng2,iseng-iseng
iriiiii,iri
iooo,lo
insonniaaa,insomnia
inni,ini
iniw,ini
iniiiiiiiiiiiiiii,ini
iniiiii,ini
iniii,ini
inii,ini
inihhh,ini
inih,ini
iniehh,ini
inia,ini
ingt,ingat 
inginkn,inginkan
ingi,ingin
inghinn,ingin
inggrisny,inggrisnya
inggat,ingat
ingetin,mengingatkan
inget,ingat 
ingeet,ingat
infpyunnnn,ampun
info,informasi
indonesiaah,indonesia
indonesiaaa,indonesia
indoneaia,indonesia
indo,indonesia
indefendet,independen
indahhh,indah
in,ini
imuuttt,imut
imuutt,imut
imuttzz,imut
imutttttt,imut
imutt,imut
imut2,imut-imut
imoetz,imut
imoet,imut
imho,in my humble opinion
imba,jago sekali
ily,saya cinta kamu 
ilmh,ilmu
ilfil,tidak suka
ilfeel,tidak suka
ilang-in,hilangkan
ilang2an,hilang-hilangan
ilang2,hilang-hilang
"ilang""",hilang-hilang
ilang,hilang
ikutin,mengikuti
ikut2an,ikut-ikutan
ikut2,ikut-ikut
ikon,lambang
ikh,ih
ijap,ijab
iiiiiiiiii,ih
iiiiiiiii,ih
iiiihhhhhj,ih
iiii,ih
iiihhhhh,ih
iiihhhh,ih
iiihh,ih
iiih,ih
iihh,ih
iih,ih
ihhhhh,ih
ihhhh,ih
ihhh,ih
ihh,ih
igtlah,ingatlah
idupnya,hidupnya
idup,hidup
idungnya,hidungnya
idung,hidung
idoolaaa,idola
idolaa,idola
idk,saya tidak tahu
idiiot,idiot 
idamann,idaman
ibuk2,ibu-ibu
ibu2,ibu-ibu
ibliss,iblis
iaa,ya
hy,hai
huum,iya
humz,rumah
hums,rumah
humas,hubungan masyarakat
hum,rumah
hujatann,hujatan
huft,mengeluh
huff,mengeluh
hubunggi,hubungi
hubngan,hubungan
hubla,perhubungan laut
hubdar,perhubungan darat
hubad,hubungan angkatan darat
hub,hubungi
hti,hati 
ht,hati
hslnya,hasilnya
hrusnya,harusnya
hrus,harus 
hrsnya,harusnya
hrsny,harusny
hrs,harus 
hri,hari 
hrgny,harganya 
hrg,harga 
hr,hari 
hqq,hakiki 
hpus,hapus
houm,rumah
hotx,hotnya
hotak,botak
hokiii,hoki
hoax,isu bohong
hnya,hanya
hny,hanya 
hngga,hingga
hndk,hendak
hndak,hendak
hmpir,hampir
hlng,hilang
hlmn,halaman 
hlm,halaman 
hlg,hilang 
hiri,hari
hiraukn,hiraukan
himana,bagaimana
hilangv,hilang
hilangin,menghilangkan
hijap,hijab
hijabb,hijab
hijaabbb,hijab
hiii,hai
hiduupppp,hidup
hidupx,hidupnya
hidupppp,hidup
hiduppp,hidup
hidiyah,hidayah
hianatin,khianati
hi,hai
hgga,hingga
hey,hai
heters,pembenci 
hempaass,hempas
hematt,hemat
helow,halo
helooooo,halo
helo,halo 
hellow,halo
hellooooooo,halo
helloo,halo
heii,hai
hehh,eh
hehe,he
heeee,hai
hedeuuhh,aduh
hebatt,hebat
hebaat,hebat
hdup,hidup
hdpnya,hidupnya
hdpn,hadapan
hdp,hidup
hdk,hendak
hbskn,habiskan 
hbs,habis 
hbng,hubungi 
hbis,habis 
hbd,happy birthday
hayuu,hayo
hayukk,hayo
hayooo,hayo
hayalanku,khayalanku
hayal,khayal
hay,hai
hatiiii,hati
hatii,hati
hati2,hati-hati
hati.a,hatinya
"hati""",hati-hati
hat,hati
haslnya,hasilnya
hasilnyaaa,hasilnya
haru,harus
harini,hari ini
hari2,hari-hari
hargs,harga
hargain,hargai 
hardcore,keras
haragain,menghargai
haqq,hakiki 
hapusin,hapuskan
happy,bahagia
"happi""",hepi-hepi
hapal,hafal
hansip,pertahanan sipil
hankam,pertahanan dan keamanan
handak,bahan peledak
hancuuuuuy,hancur
hancurin,menghancurkan
hampasss,hempas
halow,halo
halooo,halo
haloo,halo
hallow,halo
hallooo,halo
hallo,halo
halllo,halo
halangin,halangi
halahh,alah
hal2,hal-hal
hakhak,tertawa
haiii,hai
haii,hai
haha,tertawa
haghaghag,tertawa
haduuuh,aduh
haduh,aduh
hadirrr,hadir
hadirr,hadir
hadeuuhhhh,aduh
hadeuuh,aduh
hadeuh,aduh
hadehh,aduh
hadeh,aduh 
hadeeuh,aduh
hadeehh,aduh
hadeeehhh,aduh
haddeh,aduh
hadapin,menghadapi
hadahhhhhhhh,aduh
ha,tertawa
gya,gaya
gx,tidak
gws,get well soon
gw,saya 
guyu,ketawa
guys,teman-teman
guw,gue
guoblok,goblok
gunaa,guna
gueeeee,gue
gueee,gue
guee,gue
gue,saya 
gub,gubernur
guanteng,ganteng
guaaaaaaa,gua
guaa,gua
gua,saya 
gtw,tidak tahu
gtuu,begitu
gtuh,begitu
gtu2,begitu-gitu
"gtu""an",begitu-gituan
"gtu""",begitu-gitu
gtu,begitu 
gthu,begitu
gtau,enggak tau
gt,begitu 
grunya,gurunya
grgr,gara-gara
gretongan,gratisan
gretong,gratis
greged,greget
gratisss,gratis
gratiss,gratis
gratisan,gratis 
graaatiiiis,gratis
gra2,gara-gara
gr2,gara-gara
gr,gede rasa
gprnh,tidak pernah
gpp,enggak apa-apa
gpny,tidak punya
gpl,tidak pakai lama
gowes,mengayuh sepeda
gossip2.an,gosip-gosipan
gosipin,menggosipkan
gosah,gak usah
goncengin,boncengkan
gombal,suka merayu
golput,golongan putih
gokilnya,gilanya
gokillllll,gila
gokilll,gila
gokill,gila
gokil,gila
gokiiill,gila
goblokkk,goblok
goblok,bodoh
goblk,goblok
gnyngka,enggak menyangka
gnti,ganti
gnii,begini
gni,begini 
gndakan,gandakan
gn,begini
gmpng,gampang 
gmpg,gampang
gmna,bagaimana 
gmn,bagaimana 
gmbr,gambar 
gmau,enggak mau
gmanapun,bagaimanapun
gmana,bagaimana 
glembeeeer,gelambir
gksi,enggak sih
gksalah,enggak salah
gkkan,enggak akan
gkk,enggak
gkhianati,mengkhianati
gk,tidak
gj,tidak jelas
gituuuuu,begitu
gituuu,begitu
gituu,begitu
gitulah,begitulah
gituin,itu 
gituh,begitu 
gituan,begituan
gitu2,begitu-gitu
gitu,begitu 
giti,begitu
githu,gitu
ginting,ganteng
gino,gigi nongol
giniin,beginikan
giniii,begini
ginii,begini
ginian,beginian
gini,begini
gingsungny,gingsulnya
gimna,bagaimana
gimn,bagaimana
gimanaaaa,bagaimana
gimanaa,bagaimana
gimana,bagaimana
gilzz,gila
gilsss,gila
gils,gila
gile,gila 
gilakkkkkk,gila
gilakkkkk,gila
gilakkk,gila
gilak,gila 
gilaaaaaa,gila
gilaaaa,gila
gilaaa,gila
gilaa,gila
giitu,begitu
gi,lagi
ghiy,lagi
gga,enggak
gg,enggak
gewlaaaaa,gila
geuliiiiiiis,geulis
gepeng,gelandangan dan pengemis
genittt,genit
genggg,geng
gengges,ganggu
geneeee,begini
genduut,gendut
gemmeeezzz,gemas
gemezzzz,gemas
gemezz,gemas
gemez,gemas
gemesyak,gemas ya
gemesss,gemas
gemesshzzzzhzzhzhzhsjssjs,gemas
gemesshh,gemas
gemess,gemas
gemesnya,gemasnya
gemesinnnnn,menggemaskan
gemesin,menggemaskan
gemesiin,menggemaskan
gemes,gemas
gemeessss,gemas
gemeeezzzz,gemas
gembel,jelek 
gemay,gemas
geje,tidak jelas
gehh,gih
geh,gih
gegra,gegara
geetoo,begitu
geeelaakk,gila
gedeg,gedek
gebleg,geblek
gebetan,orang yang disuka
gdg,gudang 
gde,gede
gda,enggak ada
gbsa,ga bisa
gbs,enggak bisa
gbr,gambar 
gblk,goblok
gbisa,tidak bisa
gayax,gayanya
gayany,gayanya
gayannxa,gayanya
gawul,gaul
gawl,gaul
gawe,kerja 
gausah,tidak usah
gausa,enggak usah
gatel,gatal 
gatek,gagap teknologi
gataw,tidak tahu
gataunya,enggak taunya
gatau,tidak tahu
gasuka,tidak suka
gasih,enggak sih
gasalah,enggak salah
garuk2,garuk-garuk
garemin,garami
garem,garam 
gara2,gara-gara
"gara""",gara-gara
gara'',gara-gara
gapunya,tidak punya
gaptek,gagap teknologi
gaprgi,enggak pergi
gapernah,tidak pernah
gapapa,tidak apa-apa
gapap,enggak apa-apa
gapake,tidak pakai
gantweng,ganteng
gantng,ganteng
ganti'kn,menggantikan
gantiin,menggantikan
gantheng,ganteng
ganteung,ganteng
gantengsaya,ganteng
gantengnyaaaa,gantengnya
gantengkuuuuuu,gantengku
gantenggg,ganteng
gantengg,ganteng
ganteng2,ganteng-ganteng
ganteeeeng,ganteng
gans,ganteng
gangguin,mengganggu
gan,juragan
gambarin,gambarkan
gamau,tidak mau
gamasuk,tidak masuk
galo,galau 
gakz,tidak
gakwad,enggak kuat
gakusah,enggak usah
gakuat,tidak kuat
gakpapa,enggak apa-apa
gakkk,enggak
gakk,enggak
gak papa,tidak apa-apa
gak,tidak 
gajelas,tidak jelas
gaje,enggak jelas
gajadi,tidak jadi
gaharus,enggak harus
gagahx,gagahnya
gag,enggak
gaes,guys
gaenak,tidak enak
gadiss,gadis
gada,tidak ada
gabut,menganggur
gaboleh,tidak boleh
gabisaa,tidak bisa
gabisa,tidak bisa
gabakal,enggak bakal
gaada,tidak ada
gaa,enggak
ga,tidak 
g,tidak
fyi,sebagai informasi
fto2,foto-foto
fto,foto
frestasiii,prestasi
fotony,fotonya
fotoin,memfoto
foto2nya,foto-fotonya
foto2,foto-foto
"foto""",foto-foto
fotbar,foto bareng
folbek,follow back
flm,film
flim.a,filmnya
filmny,filmnya
fillm,film
fikiran,pikiran
fifo,first in first out
fi,di
fhotonya,fotonya
fhoto,foto
fb,facebook 
fax,facsimile
favoriteeee,favorit
fave,favorit
fav,favorit
fatanik,fanatik
fans2,fan-fan
fans,fan
fakultass,fakultas
faktakta,fakta
fakta2,fakta-fakta
faham,paham 
eyke,aku
expresi,ekspresi
ex,mantan
euyyyyy,euy
eug,saya
eteb,bosan
erempuan,perempuan
eps,episode 
epe,apa
envy,iri
entr,entar
ente,anda 
entar,nanti 
entahhh,entah
enk,enak
engk,enggak
enggak,tidak 
"engga""",enggak-enggak
engga,tidak 
endak,tidak
enakkkkk,enak
emnknya,memangnya
emngnya,memangnya
emng,memang 
emk,emak
emg,memang 
emessss,gemas
emesshhh,gemas
emeshh,gemas
emeezzz,gemas
emeessss,gemas
embel2,embel-embel
emank,memang 
emangnya,memangnya
emang,memang 
emakx,emaknya
emak2,emak-emak
ema,emak
elus2,elus-elus
elu,lu
eloo,lo
elo2,lo-lo
elo,lo
elahh,alah
elaaaahhhh,alah
eksprsi,ekspresi
eke,aku
ehhh,eh
ehh,eh
egp,emang gue pikirin
eey,eh
eeq,feses 
eehhh,eh
eeeehhhh,eh
eeeeh,eh
editannn,editan
edannn,edan
edaaann,edan
edaaan,edan
edaaaan,edan
ed,edisi
eakyu,waktu
ea,ya
dya,dia
dy,dia
dwsa,dewasa
dwh,deh
duuuhhh,duh
duuuhh,duh
duuhhhhh,duh
duuhhh,duh
duuhh,duh
durhaka2,durhaka-durhaka
duren,durian
dureen,duren
dunk,dong
dung,dong
dumsss,dong
duluw,dulu
duluuu,dulu
duluu,dulu
dulurrr,dulur
duhhhhh,duh
duhhh,duh
duhh,duh
duh,aduh
duetin,duet
duanyaa,duanya
dua2nya,dua-duanya
dtunggu,ditunggu
dtnggu,ditunggu
dtng,datang 
dtmpt,di tempat
dtmbh,ditambah 
dtinggl,ditinggal
dtgny,datangnya 
dtgkan,datangkan
dtggu,ditunggu
dtg,datang 
dteng,datang
dstu,disitu
dst,dan seterusnya
dssi,disisi
dsrny,dasarnya
dsr,dasar
dsni,disini
dsna,disana
dsklh,di sekolah
dsini,disini
dsblh,di sebelah
dsb,dan sebagainya
dsar,dasar
dsana,disana
drumah,di rumah
drtd,dari tadi
drpd,daripada
drpada,daripada
drmn,darimana
drmh,di rumah 
dripda,daripada
dripada,daripada
drimnanya,darimananya
drimana,darimana
drii,dari
dri,dari 
drh,darah 
drg,dokter gigi 
dramaa,drama
dr,dari 
dptnya,dapatnya
dptkan,dapatkan
dpt,dapat 
dpotong,dipotong
dposisi,diposisi
dpnrmh,depan rumah 
dpn,depan
dpkrkn,dipikirkan 
dpke,dipakai
dpk,depok 
dpet,dapat 
dpan,depan 
doyan,suka 
dosax,dosanya
dosaaaaaaaaaa,dosa
dosaa,dosa
dosa2mu,dosa-dosamu
dooong,dong
doonk,dong
doong,dong
donx,dong
donlot,download 
donks,dong
donkk,dong
donk,dong
dongs,dong
dongggg,dong
donggg,dong
dongg,dong
doku,uang
doeloe,dulu
dodol,bodoh
doank,saja 
doangam,doang
doang,saja 
doaang,doang
doa2,doa-doa
do,di
dnk,dong
dngr,dengar 
dngn,dengan 
dngerin,mendengarkan
dnger,dengar 
dngar,dengar 
dngan,dengan
dng,dengan 
dn,dan
dmny,dimananya 
dmnmn,dimana-mana 
dmna,dimana 
dmn,dimana 
dmkn,dimakan 
dmana,dimana 
dluar,diluar
dluan,duluan 
dlu,dulu 
dlrng,dilarang 
dlm,dalam
dll,dan lain
dlam,dalam
dl,dulu
dkuburnya,dikuburnya
dkt,dekat 
dksh,dikasih 
dkntr,di kantor 
dkmr,di kamar 
dkmps,di kampus 
dkls,di kelas 
dkk,dan kawan-kawan
dket2in,dekat-dekati
dket,dekat 
dkat,dekat 
djln,di jalan 
djl,di jalan 
djkt,di jakarta 
diurusin,diurusi
dituutup,ditutup
ditutupin,ditutupi
ditengah2,ditengah-tengah
ditemenin,ditemani 
ditelp,ditelpon
ditayangin,ditayangkan
disupirin,disopiri
disono,di sana
disni,disini
disiniii,disini
dirumahny,dirumahnya
dirmh,dirumah
dirimuuu,dirimu
diputusin,diputuskan
dipuja2,dipuja-puja
dipojokin,dipojokkan
dipikirin,dipikirkan
dipermainin,dipermainkan
dipendem,dipendam 
dipake,dipakai
dinyanyiin,dinyanyikan
"dingin""",dingin-dingin
dinamakn,dinamakan
dimusiumin,dimuseumkan
dimintak,diminta
dimasukin,dimasuki
dimarahin,dimarahi
dimao,dimau
dimans,dimana
dimandose,dimana
dimance,dimana
"dimana""",dimana-mana
dimaafin,dimaafkan
diluarann,diluaran
diluangin,diluangkan
dilindungin,dilindungi
diliatnya,dilihatnya
diliat,dilihat
dilepas2,dilepas-lepas
dilaporkn,dilaporkan
diladenin,diladeni
diksi,dikasih
dikit,sedikit 
dikerasin,dikerasi
dikemanain,dikemanakan
dikatain,dikatai
dikata2in,dikata-katai
dijwb,dijawab
dijkt,dijakarta
dijelekin,dijelekkan
dijadiin,dijadikan
diingetin,diingatkan
diindonesis,diindonesia
diihhhh,dih
dii,di
dihpus,dihapus
dihh,dih
dihargain,dihargai
digituin,dibegitukan
diginikan,dibeginikan
diginiin,dibeginikan
digambarin,digambarkan
digabtikan,digantikan
difotoin,difoto
diemm,diam
diemin,diamkan
diem,diam
dieee,dia
didengerin,didengarkan
didenger,didengar 
didatengin,didatangi
didapet,didapat
dibnggain,dibanggakan
dibls,dibalas
dibkatakan,dikatakan
dibikin2,dibikin-bikin
dibiarin,dibiarkan
dibangga'in,dibangga-banggakan
dibanggain,dibanggakan
diapain,diapakan
diapa2in,diapa-apai
dianterin,diantar
dianter,diantar
diangakt,diangkat
diancurin,dihancurkan
diamkn,diamkan
"diam""",diam-diam
diakibtkn,diakibatkan
diajarin,diajari
diaaa,dia
diaa,dia
dhpusin,dihapuskan
dhi,di
dhe,deh
dh,sudah
dgrn,dengarin 
dgr,dengar 
dgn,dengan 
dg,dengan 
dftr,daftar
deyh,deh
dewassa,dewasa
deuhh,duh
deres,deras 
dengerin,dengarkan
denger,dengar 
dengeeriin,dengarkan
dengarin,mendengarkan
dempga,semoga
demen,suka 
dekt,dekat
dekkk,dek
dekk,dek
deketin,dekati
deket,dekat
dek,adik
dehhhh,deh
dehhh,deh
dehh,deh
dehat,sehat
deg2an,deg-degan
deeh,deh
deeek,dek
dee,dek
dedeknya,adeknya
dedek,adek
dede,adek
dech,deh
debay,adek bayi
de,dek
ddpt,didapat
ddpat,didapat
ddlm,di dalam
dcintai,dicintai
dbyr,dibayar 
dbwt,dibuat 
dbwh,dibawah
dbuat,dibuat
dbnding,dibanding
dbls,dibalas 
dblkng,dibelakang
dblkang,dibelakang
dblg,dibilang 
dberkahi,diberkahi 
dateng,datang 
dasyat,dahsyat
dasarrr,dasar
dasaar,dasar
darpada,daripada
dapetin,mendapati
dapet,dapat 
dapah,ada apa
dapa,ada apa
dallam,dalam
dalil2,dalil-dalil
dalem2,dalam-dalam
dalem,dalam 
dak,indak
dahhhhhhhhh,deh
dahhhh,dah
dahh,dah
dah,sudah 
dadi,jadi
daah,dah
daaah,dah
daaaah,deh
da,sudah
d.bikinin,dibikin
d.apa,diapa
d,ada
cyin,cinta
cyiiin,cinta
cyang,sayang 
cwok,cowok
cwo,cowok 
cwnya,ceweknya
cwek,cewek
cwe,cewek 
cw,cewek 
cuyyy,cuy
cuyy,cuy
curhat2,curhat-curhat
curcol,curahan hati colongan
curanmor,pencurian kendaraan bermotor
cups,culun
cungguh,sungguh 
cums,cuma
cumn,cuman
cumi,Cuma miscall
cuman,hanya
cukurrr,cukur
cuk,jancuk 
cug,jancuk 
cuex,cuek
cucokkk,cocok
cucok,cocok
cuco,cocok
cuchook,cocok
cubanget,lucu banget
cuantikkk,cantik
cuantik,cantik
cuanti,cantik
cuantek,cantik
cuaantik,cantik
cuaaantikk,cantik
ctk,cantik
cth,contoh 
crt,cerita 
critamu,ceritamu
cri,cari
cr,cara
cptn,cepatan 
cpt,cepat 
cppe,capek
cpit,sipit
cpet,cepat 
cpee,capek
cpe,capek
cpat,cepat 
cpa,siapa
cp,siapa
coz,karena
coyyy,coy
coxok,cocok
cowwyy,maaf
cowo,cowok
cow,cowok
"coret""",coret-coret
cooooooocok,cocok
coookkk,jancuk
cooocok,cocok
conlok,cinta lokasi
congor,mulut
cong,banci
comntr,komentar
comnet,komen
comment2nya,komentar-komentarnya
coment,komen
comen2nya,komen-komennya
comen,komen
cogan,cowok ganteng
coeggg,coeg
coeg,jancuk 
cocookk,cocok
cocook,cocok
cocokx,cocoknya
cocokny,cocoknya
cocokkkkk,cocok
cocokkkk,cocok
cocokkk,cocok
cocokk,cocok
cock,cocok
coccokk,cocok
cobak,coba
cobain,coba
cobaaaa,coba
cobaaa,coba
cobaa,coba 
co,cowok
cntk,cantik
cntiknya,cantiknya
cntikk,cantik
cntikan,cantikan
cntik,cantik
cntiiikkk,cantik
cnenk,senang
cmpur,campur
cmpr,campur
cmpk,cempaka 
cmn,hanya 
cmkn,camkan
cmiiw,correct me if i'm wrong
cman,hanya 
cma,cuma 
cm,cuma 
cllw,selalu
cllu,selalu
cll,selalu
clbk,cinta lama bersemi kembali
ckup,cukup 
ckrng,sekarang
ckrg,sekarang 
ckp,cukup
ckepp,cakep
ckck,ck
ciyusss,serius
ciyus,serius
ciyh,sih
ciyeeeeeee,cie
ciyeeee,cie
ciye,cie
ciuuuummmm,cium
ciusss,serius
ciumman,ciuman
cita2,cita-cita
ciptain,ciptakan
cipika cipiki,cium pipi kanan cium pipi kiri
cintax,cintanya
cintaaaaaaa,cinta
cino,cina
cini,sini
cinggirnyaaaa,cinggirnya
cin,cinta
cimeng,ganja
ciiieee,cie
ciieeeeeee,cie
cieeeee,cie
cieeee,cie
cieee,cie
ciee,cie
cibuq,sibuk
cibuk,sibuk
ciapa,siapa
chuyunk,sayang
chelalyyu,selalu
cewer,jewer
cewe,cewek 
cew,cewek
ceu,kakak perempuan
ceritax,ceritanya
cerdiik,cerdik
cerdass,cerdas
cepetan,cepatan
cepet2,cepat-cepat
cepet,cepat 
ceper,pendek
cepeet,cepat
centilnyaaaaaa,centilnya
centillll,centil
cengengesan,tertawa
cemunguth,semangat
cemungut,semangat
cemungudh,semangat
cempreeng,cempreng
cemplungin,cemplungkan
cemen,penakut
cemburuu,cemburu
cem,macam
celotehreceh,celoteh receh
celalu,selalu
celalaw,selalu
cekolah,sekolah
cekola,sekolah
ceklist,ceklis
cekidot,coba lihat
cekal,cegah tangkal
cekak,tidak ada uang
cek2,cek-cek
ceemen,cemen
ce,cewek
cd,celana dalam
ccok,cocok
cba,coba
cb,coba
caya,percaya
caur,jelek
catokin,catok
catiiiiik,cantik
catet,catat 
cariin,carikan
cari2,cari-cari
caranga,caranya
caper,cari perhatian
capek,capai 
capee,cape
cape,capai 
capcus,pergi
capa,sapa
canyk,cantik
canttttikkk,cantik
canttikkk,cantik
cantk,cantik
cantix,cantik
cantiqs,cantik
cantiq,cantik
cantip,cantik
cantinya,cantiknya
cantikx,cantiknya
cantiks,cantik
cantiknyaaaaa,cantiknya
cantiknyaaa,cantiknya
cantiknyaa,cantiknya
cantiknnnnyaaaaaaa,cantiknya
cantikkkm,cantik
cantikkkkkkkk,cantik
cantikkkkkk,cantik
cantikkkkk,cantik
cantikkkk,cantik
cantikkk,cantik
cantikk,cantik
cantika,cantik
cantik2nya,cantik-cantiknya
cantik2,cantik-cantik
cantiikkkk,cantik
cantiikk,cantik
cantiik2,cantik-cantik
cantiik,cantik
cantiiillx,cantik
cantiiikkk,cantik
cantiiikk,cantik
cantiiik,cantik
cantiiiikk,cantik
cantiiiik,cantik
cantiiiiiiik,cantik
canti,cantik
canteek,cantik
cans,cantik
cannntikk,cantik
cannnnntikkkkkkk,cantik
cangcut,celana dalam
canci,cantik
can,belum
campurin,mencampuri
cama-cama,sama-sama
calo,makelar
cali,caci
cakepp,cakep
cakep,cakap 
cakeep,cakep
cakeeeeppp,cakep
caiank,sayang
caem,cakep
cadas,gaul
cadas,keren
cabut,pergi
cabol,cabul
cabe2an,cabe-cabean
cabe2,cabe-cabe
cabal,sabar 
caantiiik,cantik
caaannnttiikkk,cantik
bz,bisa
byrin,bayarkan
byr,bayar
bynk,banyak 
byk,banyak 
byaran,bayaran
byar,bayar
byangin,membayangkan
byak,banyak
bwt,buat
bwhn,bawahan
bwh,bawah
"bwa""",bawa-bawa
bwa,bawa 
bw,bawa
buuun,bun
buser,buru sergap
buseett,buset
busedh,buset
buruannn,buruan
buruann,buruan
burem,buram
bungkuuuuuuuuusss,bungkus
bungkuuussss,bungkus
bungkusin,bungkuskan
bungggg,bung
bunga2,bunga-bunga
bundaaaa,bunda
bundaaa,bunda
bundaa,bunda
bund,bunda
bumil,ibu hamil
bulet,bulat
bulcit,omong kosong
buktinyaaa,buktinya
buktiin,buktikan
bukti2,bukti-bukti
bukn,bukan
bukan'a,bukannya
bukak,buka
buka2an,buka-bukaan
buka2,buka-buka
bujukk,bujuk
bujubune,luar biasa
bujngn,bujangan
bucin,budak cinta
bubu,tidur
buber,buka bersama
bubbu,tidur
bubarin,bubarkan
buaya,tidak setia
buatin,buatkan
buanyaaak,banyak
buanget,banget
buangbuang,buang
buad,buat 
bu_bu,tidur
btw,by the way
btulan,betulan
btul,betul
btuh,butuh
btl,betul 
bth,butuh 
btg,batang 
bt,buat
bsr,besar 
bsoq,besok
bsok,besok 
bsk,besok
bsen,bosan
bsa,bisa 
bs,bisa 
brusaha,berusaha
brur,saudara laki-laki
brubah,berubah
bru,baru
brtngkar,bertengkar
brtmn,berteman 
brthn,bertahan 
brsyukur,bersyukur
brsma,bersama
brsm,bersama 
brshbt,bersahabat 
brsama,bersama
brs,beres 
brrti,berarti 
brrt,berarti
brpndapat,berpendapat
brpa,berapa 
brp,berapa 
bronis,brondong manis
bro,saudara laki-laki
brngkt,berangkat 
brmslh,bermasalah 
brkunjun,berkunjung
brkfst,breakfast 
brjodoh,berjodoh
brjln,berjalan 
brjdh,berjodoh
britanya,beritanya
brita,berita
brisi,berisi
brhsl,berhasil 
brhjb,berhijab
brhasil,berhasil
brgkt,berangkat 
"brg""",bareng-bareng
brg,barang 
bres,beres
brengsekk,brengsek
brdua,berdua
brdiri,berdiri
brbuat,berbuat
brbakti,berbakti
brb,segera kembali
brayyy,bray
brasa,berasa
brarti,berarti
brapa,berapa
brantem,berantem
branjak,beranjak
brani,berani
brangnya,barangnya
bradegan,beradegan
br,baru
bpknya,bapaknya
bpkmu,bapakmu
bpk,bapak
boyeh,boleh
botakkkk,botak
botakin,botaki
boss,bos
bosenin,membosankan
bosen2,bosan-bosan
bosen,bosan
bosaan,bosan
boro2,boro-boro
bo'ong,bohong
boong,bohong
bonyok,ayah ibu
bonek,bocah nekat
bolot,bodoh
boljug,boleh juga
boleh2,boleh-boleh
bole,boleh 
bolang,bocah petualang
bol3h,boleh
bokis,bohong
bokin,pacar
boker,berak
bokep,porno
bokap,ayah 
bohay,badan aduhai
bodor,lucu
bodhooo,bodoh
bodhoo,bodoh
bobok,tidur 
bobo,tidur
bnykny,banyaknya 
bnyk,banyak 
bnyak,banyak 
bntu,bantu
bntr,sebentar 
bntar,sebentar 
bnrn,benaran
bnrbnr,benar-benar 
bnran,benaran
bnr2,benar-benar
bnr,benar 
bnk,bang
bngy,banget
bngunlah,bangunlah
bngung,bingung
bngun,bangun
bngtzt,banget
bngtttt,banget
bngttt,banget
bngtt,banget
bngt,sangat 
bngng,bingung 
bngks,bungkus 
bngkit,bangkit
bnggain,banggakan
bngetttt,banget
bngettt,banget
bngett,banget
bnget,sangat 
bngeet,banget
bngeeeetttt,banget
bngatt,banget
bng,bang
bnerr,benar
bnern,benaran
bneran,benaran
bneraan,benaran
bner2,benar-benar
"bner""",benar-benar
bner,benar 
bndr,bandar 
bndg,bandung 
bnda,bunda
bnci,benci
bnchi,benci
blum,belum 
bls,balas 
blom,belum 
bloghhh,goblok
blnja,belanja
blngn,bilang 
blng,bilang 
bln,bulan
blm,belum 
blln,bulan
blkngny,belakangnya 
blkng,belakang
blkg,belakang 
blkang,belakang
blk,balik 
bljr,belajar 
blim,belum
blik,balik
bli2n,beli-belikan
bli,beli
blh,boleh 
blg,bilang 
bleh,boleh
blegug,bodoh
blakon,berlakon
blajar,belajar 
bl,beli 
bks,bungkus 
bkr,bakar 
bknnya,bukannya
bkn,bukan 
bkln,bakalan
bkl,bakal 
bkin,bikin
bkan,bukan
bkal,bakal
bka,buka
bk,buku 
bju,baju
bj,baju 
biza,bisa
bisya,bisa
bisi,kalau-kalau
bisax,bisanya
bisaaa,bisa
bisaa,bisa 
biri,biru
bintal,bimbingan mental
bingitzzzz,banget
bingittzz,banget
bingitt,banget
bingitsss,banget
bingitss,banget
bingits,banget
bingit,banget
bingiittt,banget
bingiit,banget
bingiiittzz,banget
bingiiittttzzzz,banget
binggo,banget
bimbuluh,bimbingan dan penyuluhan
bilng,bilang
bilanh,bilang
bilangin,bilang
bilangg,bilang
bilang2,bilang-bilang
"bilang""",bilang-bilang
bikinnn,bikin
bikinin,bikin
bijin,bikin
bijimane,bagaimana
bijak2,bijak-bijak
biat,buat
biasahhh,biasa
biasaaaa,biasa
biasaaa,biasa
biasaa,biasa
biasa2,biasa-biasa
biarin,biarkan
bhy,bahaya 
bhwa,bahwa
bhw,bahwa
bhubu,tidur
bhs,bahas 
bhnya,bahannya
bhn,bahan
bhkn,bahkan
bhijab,berhijab
bhgiain,membahagiakan
bhgia,bahagia
bhet,banget
bhay,selamat tinggal
bhas,bahas
bhagia,bahagia
bhagaia,bahagia
bgussss,bagus
bgus,bagus 
bgun,bangun
bgtuu,begitu
bgtu,begitu 
bgtttttttt,banget
bgttttttt,banget
bgtttt,banget
bgttt,banget
bgtt,banget
bgt,sangat 
bgs,bagus 
bgo,bego
bgntdr,bangun tidur 
bgni,begini 
bgn,bangun 
bgmna,bagaimana
bgmn,bagaimana 
bgmana,bagaimana
bgm,bagaimana 
bgks,bungkus 
bgitu,begitu
bgini,begini 
bgi,bagi
bgettt,banget
bget,sangat 
bgect,banget
bgd,sangat 
bg,bang
beut,banget
beudd,banget
beud,banget
betuuuuulllllllllllllllll,betul
betul2,betul-betul
bettt,banget
bets,banget
beti,beda tipis
bete,sebal 
besoq,besok
besook,besok
besokkk,besok
besarin,membesarkan
besar2in,besar-besarkan
besar2an,besar-besaran
"besar""",besar-besar
beruntungnyaaaa,beruntungnya
bertolernsi,bertoleransi
bertatto,bertato
bertahun2,bertahun-tahun
berpa,berapa
berntung,beruntung
bermaksut,bermaksud
berkluarga,berkeluarga
berjinah,berzina
berhijap,berhijab
bergunaa,berguna
berfikir,berpikir
ber'expresi,berekspresi
beresin,membereskan
berenti,berhenti 
berenanh,berenang
berdikari,berdiri di atas kaki sendiri
berbiiiiiihhh,barbie
berbeda2,berbeda-beda
berbakiti,berbakti
beratttttttt,berat
berati,berarti
berarto,berarti
berantem,bertengkar 
berani2,berani-berani
berangat,berangkat
ber3,bertiga
ber2,berdua
bentarr,bentar
bentar,sebentar
benneeeeeerr,benar
bengkak2,bengkak-bengkak
benetaran,benaran
benet,benar
benerr,benar
benerin,perbaiki
beneran,benaran
beneraan,benaran
bener2,benar-benar
"bener""",benar-benar
bener,benar 
benda2,benda-benda
bencong,banci
benarjujur,jujur
benarin,membenarkan
benar2,benar-benar
"benar""",benar-benar
benahin,membenahi
beluumm,belum
belooomm,belum
belon,belum 
belom,belum 
bellain,membela
beliin,membelikan
beliiin,belikan
belanjaa,belanja
belain,membela
bela2in,membela-bela
"bela""in",membela-bela
bekel,bekal 
bejilbbnya,berjilbabnya
bejibun,banyak
begok,bego
bego,bodoh 
beginiiii,begini
beginii,begini
begete,banget
begajulan,nakal
bedua,berdua
bedanyaaa,bedanya
bedainnya,membedakannya
bedain,membedakan
bedaaa,beda
bedaa,beda
beda2,beda-beda
becanda,bercanda 
bebrp,beberapa
beb,sayang
bdn,badan 
bdg,bandung 
bdan,badan 
bdampingan,berdampingan
bct,bicara 
bcs,karena 
bcoz,karena
bcnda,bercanda
bcanda,bercanda
bca,baca
bc,baca
bbrpa,beberapa
bbrp,beberapa
bazis,badan amal
bazengg,bajingan
bayangin,bayangkan
bay,selamat tinggal
bawak,bawa
bawa2,bawa-bawa
"bawa""",bawa-bawa
batwc,banget
battt,banget
batikk,batik
batesin,batasi
bat,banget
basodaraa,bersaudara
baso,bakso 
basbang,basi
baryaw,sabar ya
baruu,baru
baru2,baru-baru
barengg,bareng
barengan,bersamaan 
barang2,barang-barang
baraang,barang
baperr,bawa perasaan
baper,bawa perasaan
bapeerr,bawa perasaan
bapeeeer,bawa perasaan
bape,bawa perasaan
banyakin,perbanyak 
banyak2,banyak-banyak
banyaak,banyak
banyaaaak,banyak
banyaaaaaak,banyak
banx,bang
bantuin,membantu
bantuim,bantu
bantuanny,bantuannya
bante,bantai
bansarkas,bantuan sarana kesehatan
banpur,bantuan tempur
banpres,bantuan presiden
banpol,bantuan polisi
banhet,banget
"bangt""",banget-banget
bangt,banget
bangshad,bangsat
bangrt,banget
bangkret,bangkrut
bangkotan,tua
bangke,bangkai
banggett,banget
bangget,banget
banggain,banggakan
bangga2in,membangga-banggakan
"bangga""in",membangga-banggakan
bangg,bang
bangetttttyt,banget
bangetttttttt,banget
bangettttttt,banget
bangetttttt,banget
bangettttt,banget
bangetttt,banget
bangettt,banget
bangett,sangat 
bangets,banget
banget,sekali 
banger,banget
bangeettt,banget
bangeett,banget
bangeet,banget
bangeer,banget
bangeeettt,banget
bangeeet,banget
bangeeeet,banget
bangeeeeetttt,banget
bangedt,banget
bangedh,banget
bangedd,banget
banged,banget
bangdes,pembangunan desa
bangcat,bangsat
bangat,banget
bandingin,bandingkan
bandes,bantuan desa
balesin,membalas
bales2in,balas-membalas
bales,balas
bakattt,bakat
bakar2in,bakar-bakari
bakalan,akan 
baju'a,bajunya
baju2,baju-baju
baju.a,bajunya
bais,habis
baikxa,baiknya
baikk,baik
baik2nya,baik-baiknya
baik2,baik-baik
bahas2,bahas-bahas
baguuuuus,bagus
baguuus,bagus
baguusss,bagus
bagussss,bagus
bagusss,bagus
baguss,bagus
bagusnyeee,bagusnya
bagus2,bagus-bagus
bagiin,bagikan
bagiii,bagi
bagi2,bagi-bagi
baget,banget
bagaimna,bagaimana
bagaimanaaa,bagaimana
bagaatt,banget
baek2,baik-baik
baek,baik
bae2,baik-baik
bae,baik 
badingkan,membandingkan
badaii,badai
badaaiii,badai
bacotin,cemooh
bacot,banyak bicara
bacahalah,bacalah
bacaaaa,baca
baca2,baca-baca
babget,banget
babang,abang
baanggeettt,banget
baanget,banget
baang,bang
baaiikkk,baik
baaaaaang,bang
b4,sebelum
b3,bertiga
b2an,berduaan
b2,berdua
azekkkk,asik
azeeeek,asik
azaab,azab
aza,saja
ayukk,yuk
ayuk,ayo 
ayooook,ayo
ayoooo,ayo
ayoookkkkkk,ayo
ayoook,ayo
ayooo,ayo
ayoo,ayo
ayoklaa,ayolah
ayok,ayo
ayank,sayang
ayang,sayang 
ayahh,ayah
ay,sayang
aws,awas
awoohhh,allah
awl,awal
awk,awak
awal2,awal-awal
awak,saya
awaas,awas
ava,avatar
autuhh,tau tuh
aurot,aurat
au ah,tidak mau tahu
atw,atau
atuu,satu
atutt,takut
atuhhh,atuh
atuhh,atuh
atuh,kalau begitu
atu,satu
ats,atas
ato,atau
atit,sakit 
ati2,hati-hati
"ati""",hati-hati
ath,kalau begitu
atassss,atas
atassan,atasan
asyikkkkk,asyik
asuuu,asu
astul,asal tulis
astrojim,astagfirullahaladzim
astgfrullah,astagfirullah
astgfrlh,astagfirullah
astauviruloh,astagfirullah
astagfirullh,astagfirullah
astagfirrullah,astagfirullah
astagaaaaaaaa,astaga
astagaaaaaa,astaga
astagaaaa,astaga
astagaaa,astaga
astagaa,astaga
astafirullah,astagfirullah
aspal,asli tetapi palsu
asoy,asyik
aslinyo,aslinya
asliiiii,asli
asliiii,asli
asliii,asli
asikkk,asik
asem,asam
aseknya,asyiknya
asekk,asyik
asek,asik 
aseekk,asyik
aseek,asyik
asbun,asal bunyi
asap,sesegera mungkin
artix,artinya
"artist""",artis-artis
artisnyaa,artisnya
artis2,artis-artis
"artis""",artis-artis
artine,artinya 
arghhh,ah
arab2,arab-arab
aquwh,aku
aqu,aku
aq,aku
apz,apa
apva,apa
apus,hapus
apun,apapun
aps,apa
applikasi,aplikasi
appa,apa
apose,apa
apo,apa 
aplot,unggah
aplks,aplikasi
aplikasiin,mengaplikasikan
apikkkk,apik
aph,apa
apes,sial
ape,apa
apasihhh,apasih
apasih,apa sih
apalgi,apalagi
apalg,apalagi
apalai,apalagi
apalagiii,apalagi
apal,hapal
apain,apai
apah,apa 
apaan,apa
apaalahh,apalah
apaaan,apaan
apaaa,apa
apaa,apa
apa2nya,apa-apanya
apa2,apa-apa
"apa""",apa-apa
ap2,apa-apa
ap,apa
anyeng,anjing
anugrah,anugerah
anterin,antar
anter,antar
annnnjjjjjjrrrr,anjir
ankx,anaknya
anknya,anaknya
ankknyaaa,anaknya
ank2nya,anak-anaknya
ank2,anak-anak
"ank""",anak-anak
ank,anak
anjrit,anjing
anjjjjjjjj,anjing
anjirrrr,anjir
anjirrr,anjir
anjirr,anjir
anjir,anjing
anjingnyaa,anjingnya
anjimmm,anjing
anjg,anjing
anjeng,anjing 
anjayyyy,anjay
anjaayy,anjay
anjaaaayyyyyy,anjay
anj,anjing
anget,hangat 
aneut,banget
anehhh,aneh
aneh2,aneh-aneh
ane,saya 
andaaa,anda
ancurrr,hancur
ancur2an,hancur-hancuran
ancur,hancur
analisise,analisis
anak'y,anaknya
anakx,anaknya
anakny,anaknya
anak2nya,anak-anaknya
anak2mu,anak-anakmu
anak2e,anak-anaknya
anak2,anak-anak
"anak""",anak-anak
amuh,kamu
amu,kamu
ampyunnnn,ampun
ampuuunn,ampun
ampuuun,ampun
ampuunn,ampun
ampuun,ampun
ampunnnnn,ampun
ampunnnn,ampun
ampunn,ampun
amploppp,amplop
ampe,sampai
amohhh,kamu
ammin,amin
ammiiin,amin
amit2,amit-amit
aminnnnn,amin
aminnnn2,amin-amin
aminnnn,amin
aminnn,amin
aminn2,amin-amin
aminn,amin
amin2,amin-amin
amiinnnn,amin
amiinnn,amin
amiinn,amin
amiin,amin
amiiinnnn,amin
amiiinnn,amin
amiiinn,amin
amiiin,amin
amiiiin,amin
amiiiiinnnnn,amin
amiiiiinnn,amin
amiiiiin,amin
amiiiiiiiiiinnnnnnn,amin
amiiiiiiiiiiin,amin
amiiiiiiiiiiiiiiiiin,amin
amiien,amien
amiennnn,amien
amiennn,amien
amienn,amien
amiend,amien
amfun,ampun
amen,amin
ameen,amin
ambl,ambil
ambilin,mengambil
amatt,amat
amad,amat
amaca,ah masa
amaattt,amat
ama,sama 
am,sama
alu,aku
alow,halo
aloh,allah
almh,almarhumah
alm,almarhum
alloh,allah
allahhhhhhh,allah
allahhhh,allah
allahh,allah
allaahh,allah
alkhamdulilah,alhamdulillah
aljasa,asal jadi saja
alissnyaa,alisnya
alhamdulillaaaaah,alhamdulillah
alhamd,alhamdulillah
alesan,alasan 
alay,norak
alamiii,alami
alamii,alami
alak,kepala
alaami,alami
ala2,ala-ala
akyu,aku
akuwh,aku
akuuuur,akur
akuuu,aku
akuu,aku
akutu,saya
akuhh,aku
akuh,aku
aku,saya
akoh,saya
akn,akan
akku,aku
akkoh,aku
akko,aku
akika,aku
akhrt,akhirat
akhlah,akhlak
akhirx,akhirnya
akhirt,akhirat
akau,aku
aka,dikenal juga sebagai
ak,saya 
ajjh,saja
ajja,saja
ajj,saja
ajibb,ajib
ajhh,saja
ajha,saja
ajh,saja 
ajg,anjing
ajep-ajep,dunia gemerlap
aje,saja 
ajay,anjay
ajarin,ajarkan
ajalah,saja 
ajakin,mengajak
ajaibbbbb,ajaib
ajaibb,ajaib
ajahhh,saja
ajah,saja 
ajaaahhhhh,saja
ajaaa,saja
ajaa,saja
aja,saja 
aj,saja 
aiskrim,es krim 
aing,saya
ahhhh,ah
ahhh,ah
ahh,ah
ahahahanjirrr,anjir
ahaha,haha
aha,tertawa
agma,agama
agk,agak
agan2,agan-agan
agama'ny,agamanya
afaik,as far as i know
aer,air
aelah,alah
aee,saja
ae,saja
adyem,adem
aduuuh,aduh
aduuhhhh,aduh
aduuhhh,aduh
aduuhh,aduh
aduuh,aduh
aduhhhhhhhhh,aduh
aduhhh,aduh
aduhh,aduh
adoh,aduh
adlh,adalah
adlah,adalah
adl,adalah
adkah,adakah
adiik,adik
adeuh,aduh
adenya,adeknya
adengan,adegan
ademmm,adem
ademm,adem
adekx,adeknya
adek2,adek-adek
adek,adik 
adeeek,adek
ade,adek
add,ada
adapin,menghadapi
adain,mengadakan
adaaa,ada
adaa,ada
ada2,ada-ada
ad,ada
acra,acara
acc,menyetujui
abs,habis
abizzzz,habis
abizzz,habis
abiz,habis
abisss,habis
abiss,habis
abis2,habis-habis
abis,habis
abiiiss,habis
abiiiiisssss,habis
abgnyaah,abangnya
abgnya,abangnya
abg,abang
abez,habis
abes,habis
abeees,habis
abanggku,abangku
abanggg,abang
abal2,abal-abal
"abal""",abal-abal
ababil,abg labil
aamin,amin
aamiinnn,amin
aamiinin,amin
aamiin,amin
aamiiin,amin
aamiiiinnnnn,amin
aamiiiiinnn,amin
aamien,amien
aama,sama
aahh,ah
aaamin,amin
aaamiiinnn,amin
aaamiiin,amin
aaahh,ah
aaaammmiiiinnnn,amin
aaaaahhhh,ah
aaaaaaakkk,ah
7an,tujuan
22nya,dua-duanya
